url,text,page,first_seen,reviewed,encoded_in
https://www.caiso.com/documents/cluster-16-restricted-point-of-interconnection-poi-information.pdf,Cluster 16 Restricted Point of Interconnection (POI) Information,https://www.caiso.com/generation-transmission/generation/generator-interconnection,2026-09-14,,
https://www.caiso.com/documents/cluster-15-interconnection-requests.xlsx,Cluster 15 Queue Report,https://www.caiso.com/generation-transmission/generation/generator-interconnection,2026-09-14,,
https://www.caiso.com/documents/presentation-2025-reassessment-and-cluster-15-restudy-results-meetings-may-2026.pdf,Presentation - 2025 Reassessment and Cluster 15 Restudy Results Meetings - May 2026,https://www.caiso.com/generation-transmission/generation/generator-interconnection/interconnection-request-study,2026-09-14,,
https://mpp.caiso.com/tp/Documents/2023%20TPD%20Allocation%20Report.pdf,2023 Transmission Plan Deliverability Allocation Report,https://www.caiso.com/generation-transmission/generation/generator-interconnection/transmission-plan-deliverability,2026-09-14,,
https://www.caiso.com/documents/pg-e-information-on-points-of-interconnection-poi-availability-for-cluster-16.pdf,PG&E Information on Points of Interconnection (POI) Availability for Cluster 16,https://www.caiso.com/generation-transmission/generation/generator-interconnection,2026-09-14,,
https://www.caiso.com/documents/faqs-generatorinterconnection-deliverabilityallocationproceduresaffidavits.pdf,FAQs - Generator Interconnection and Deliverability Allocation Procedures Affidavits,https://www.caiso.com/generation-transmission/generation/generator-interconnection/transmission-plan-deliverability,2026-09-14,,
https://www.caiso.com/documents/generator-interconnection-deliverability-allocation-procedures-customer-guidelines.xlsx,Generator Interconnection Deliverability Allocation Procedures Customer Guidelines,https://www.caiso.com/generation-transmission/generation/generator-interconnection/transmission-plan-deliverability,2026-09-14,,
https://www.caiso.com/documents/gidap-processoutline_roadmap.pdf,Generator Interconnection Deliverability Allocation Procedures Process Outline and Roadmap,https://www.caiso.com/generation-transmission/generation/generator-interconnection/transmission-plan-deliverability,2026-09-14,,
https://www.caiso.com/documents/appendix-dd-generator-interconnection-deliverability-allocation-procedures-as-of-jun-25-2025.pdf,"ISO Tariff, Appendix DD - Generator Interconnection Deliverability Allocation Procedures (GIDAP)",https://www.caiso.com/generation-transmission/generation/generator-interconnection,2026-09-14,,
https://www.caiso.com/documents/appendix-dd-generator-interconnection-deliverability-allocation-procedures-as-of-dec-17-2024.pdf,"ISO Tariff, Appendix DD - Generator Interconnection Deliverability Allocation Procedures (GIDAP)",https://www.caiso.com/generation-transmission/generation/generator-interconnection/transmission-plan-deliverability,2026-09-14,,
https://www.caiso.com/documents/local-capacity-deficiencies-cluster-16.pdf,Local Capacity Deficiencies Cluster 16,https://www.caiso.com/generation-transmission/generation/generator-interconnection,2026-09-14,,
https://www.caiso.com/documents/presentation-cluster-16-lse-commercial-interest-scoring-training-jul-28-2026.pdf,"Presentation - Cluster 16 LSE Commercial Interest Scoring Training - Jul 28, 2026",https://www.caiso.com/generation-transmission/generation/generator-interconnection/interconnection-request-study,2026-09-14,,
https://www.caiso.com/documents/2024-transmission-plan-deliverability-allocation-cycle-results.xlsx,2024 Transmission Plan Deliverability Allocation Cycle Results,https://www.caiso.com/generation-transmission/generation/generator-interconnection/transmission-plan-deliverability,2026-09-14,,
https://www.caiso.com/documents/2025-transmission-plan-deliverability-allocation-cycle-results.xlsx,2025 Transmission Plan Deliverability Allocation Cycle Results,https://www.caiso.com/generation-transmission/generation/generator-interconnection/transmission-plan-deliverability,2026-09-14,,
https://www.caiso.com/documents/2024-transmission-plan-deliverability-allocation-report.pdf,2024 Transmission Plan Deliverability Allocation Report,https://www.caiso.com/generation-transmission/generation/generator-interconnection/transmission-plan-deliverability,2026-09-14,,
https://www.caiso.com/documents/2025-transmission-plan-deliverability-allocation-report.pdf,2025 Transmission Plan Deliverability Allocation Report,https://www.caiso.com/generation-transmission/generation/generator-interconnection/transmission-plan-deliverability,2026-09-14,,
https://www.caiso.com/documents/cluster-15-interconnection-request-intake-process-training-on-lse-commercial-interest-scoring-process.pdf,Cluster 15 Interconnection Request Intake Process Training on LSE Commercial Interest Scoring Process,https://www.caiso.com/generation-transmission/generation/generator-interconnection/interconnection-request-study,2026-09-14,,
https://www.caiso.com/documents/summary-of-cluster-15-intake-scoring-results.pdf,Summary of Cluster 15 Intake Scoring Results,https://www.caiso.com/generation-transmission/generation/generator-interconnection/interconnection-request-study,2026-09-14,,
https://www.caiso.com/documents/2025-reassessment-and-restudy-report-meeting-follow-up.pdf,2025 Reassessment and Restudy Report Meeting Follow Up,https://www.caiso.com/generation-transmission/generation/generator-interconnection/interconnection-request-study,2026-09-14,,
https://www.caiso.com/documents/cluster-15-cluster-study-report-meeting.pptx,Cluster 15 - Cluster Study Report Meeting,https://www.caiso.com/generation-transmission/generation/generator-interconnection/interconnection-request-study,2026-09-14,,
https://www.caiso.com/documents/guaranty-sdge-cluster-15-and-subsequent-clusters.docx,Guaranty SDG&E Cluster 15 and Subsequent Clusters,https://www.caiso.com/generation-transmission/generation/generator-interconnection/interconnection-request-study,2026-09-14,,
https://www.caiso.com/documents/letter-of-credit-sdge-cluster-15-and-subsequent-clusters.docx,Letter of Credit SDG&E Cluster 15 and Subsequent Clusters,https://www.caiso.com/generation-transmission/generation/generator-interconnection/interconnection-request-study,2026-09-14,,
https://www.caiso.com/documents/sample-wdat-wdt-cluster-deliverability-eligibility-application.xlsx,Sample WDAT/WDT Cluster Deliverability Eligibility Application,https://www.caiso.com/generation-transmission/generation/generator-interconnection/interconnection-request-study,2026-09-14,,
https://www.caiso.com/documents/surety-bond-sdge-cluster-15-and-subsequent-clusters.docx,Surety Bond SDG&E Cluster 15 and Subsequent Clusters,https://www.caiso.com/generation-transmission/generation/generator-interconnection/interconnection-request-study,2026-09-14,,
https://www.caiso.com/documents/2025-2026-deliverability-for-distributed-generation-study-results-report-final.pdf,2025-2026 Deliverability for Distributed Generation Study Results Report Final,https://www.caiso.com/generation-transmission/generation/generator-interconnection/transmission-plan-deliverability,2026-09-14,,
https://www.caiso.com/documents/c16-instructions-affidavit-non-lse-commercial-interest.pdf,C16 - Instructions Affidavit Non-LSE Commercial Interest,https://www.caiso.com/generation-transmission/generation/generator-interconnection/interconnection-request-study,2026-09-14,,
https://www.caiso.com/documents/c16-commercial-interest-information.pdf,C16 Commercial Interest Information,https://www.caiso.com/generation-transmission/generation/generator-interconnection/interconnection-request-study,2026-09-14,,
https://www.caiso.com/documents/cluster-15-commercial-readiness-merchant-study-deposit-and-application-fee-requirements.docx,Interconnection Study Deposits and Fees,https://www.caiso.com/generation-transmission/generation/generator-interconnection/interconnection-request-study,2026-09-14,,
https://www.caiso.com/documents/q-and-a-llt-resource-for-c16.pdf,Q and A LLT Resource for C16,https://www.caiso.com/generation-transmission/generation/generator-interconnection,2026-09-14,,
https://www.caiso.com/documents/2025-seeking-transmission-plan-deliverability-affidavit.docx,2025 Seeking Transmission Plan Deliverability Affidavit,https://www.caiso.com/generation-transmission/generation/generator-interconnection/transmission-plan-deliverability,2026-09-14,,
https://www.caiso.com/documents/2025-seeking-transmission-plan-deliverability-affidavit-instructions.pdf,2025 Seeking Transmission Plan Deliverability Affidavit Instructions,https://www.caiso.com/generation-transmission/generation/generator-interconnection/transmission-plan-deliverability,2026-09-14,,
https://www.caiso.com/documents/2025-2026-potential-deliverability-for-distributed-generation-worksheet-pgae-final.pdf,2025-2026 Potential Deliverability for Distributed Generation Worksheet - PGAE Final,https://www.caiso.com/generation-transmission/generation/generator-interconnection/transmission-plan-deliverability,2026-09-14,,
https://www.caiso.com/documents/2025-2026-potential-deliverability-for-distributed-generation-worksheet-sce-final.pdf,2025-2026 Potential Deliverability for Distributed Generation Worksheet - SCE Final,https://www.caiso.com/generation-transmission/generation/generator-interconnection/transmission-plan-deliverability,2026-09-14,,
https://www.caiso.com/documents/2025-2026-potential-deliverability-for-distributed-generation-worksheet-sdge-final.pdf,2025-2026 Potential Deliverability for Distributed Generation Worksheet - SDGE Final,https://www.caiso.com/generation-transmission/generation/generator-interconnection/transmission-plan-deliverability,2026-09-14,,
https://www.pge.com/assets/pge/docs/about/doing-business-with-pge/PublicQueueInterconnection.xlsx,PG&E Wholesale Distribution Queue (XLSX),https://www.pge.com/en/about/doing-business-with-pge/interconnections/wholesale-generation.html,2026-09-14,,
https://www.caiso.com/documents/template-projectspreviouslyallocatedtransmissionplandeliverability.docx,Template - Projects Previously Allocated Transmission Plan Deliverability,https://www.caiso.com/generation-transmission/generation/generator-interconnection/transmission-plan-deliverability,2026-09-14,,
https://www.caiso.com/Documents/ISOGeneratorInterconnectionQueue.pdf,The California ISO Controlled Grid Generation Queue - CISO Active (PDF),https://www.pge.com/en/about/doing-business-with-pge/interconnections/wholesale-generation.html,2026-09-14,,
https://www.caiso.com/documents/briefing-resourcesavailable-nearterminterconnection.pdf,Briefing on Resources Available for Near Term Interconnection,https://www.caiso.com/generation-transmission/generation/generator-interconnection,2026-09-14,,
https://www.caiso.com/documents/affidavittemplate-cluster4-earlierqueuedprojects.docx,Affidavit Template - Cluster 4 and Earlier Queued Projects,https://www.caiso.com/generation-transmission/generation/generator-interconnection/transmission-plan-deliverability,2026-09-14,,
https://www.caiso.com/documents/appendixb-generatorinterconnectionstudyprocessagreement.docx,Appendix B to Generator Interconnection Study Process Agreement,https://www.caiso.com/generation-transmission/generation/generator-interconnection/interconnection-request-study,2026-09-14,,
https://www.caiso.com/Documents/AppendixT_2012-04-18.pdf,Appendix T Small Generator Interconnection Agreement,https://www.pge.com/en/about/doing-business-with-pge/interconnections/wholesale-generation.html,2026-09-14,,
https://www.pge.com/assets/pge/docs/about/doing-business-with-pge/attachment2-instructions.pdf,Attachment 2 Generator Interconnection Request (Application Form) (PDF),https://www.pge.com/en/about/doing-business-with-pge/interconnections/wholesale-generation.html,2026-09-14,,
https://www.pge.com/assets/pge/docs/about/doing-business-with-pge/wdt-sgia.pdf,Attachment F: Small Generator Interconnection Agreement (SGIA) (PDF),https://www.pge.com/en/about/doing-business-with-pge/interconnections/wholesale-generation.html,2026-09-14,,
https://www.pge.com/assets/pge/docs/about/doing-business-with-pge/wdt-lgia.pdf,Attachment H: Large Generator Interconnection Agreement (LGIA) (PDF),https://www.pge.com/en/about/doing-business-with-pge/interconnections/wholesale-generation.html,2026-09-14,,
https://www.caiso.com/Documents/AppendixCC_2012-04-18.pdf,CAISO Tariff Appendix CC Large Generator Interconnection Agreement,https://www.pge.com/en/about/doing-business-with-pge/interconnections/wholesale-generation.html,2026-09-14,,
https://www.caiso.com/documents/currentemergencyinterconnectionnetworkupgrademaximum.pdf,Current Emergency Interconnection Network Upgrade Maximum,https://www.caiso.com/generation-transmission/generation/generator-interconnection/interconnection-request-study,2026-09-14,,
https://www.caiso.com/documents/draft-resource-interconnection-standards-business-practice-manual.docx,Draft Resource Interconnection Standards Business Practice Manual,https://www.caiso.com/generation-transmission/generation/generator-interconnection,2026-09-14,,
https://www.caiso.com/documents/ferc845-interconnectionstudystatistics.pdf,FERC 845 Interconnection Study Statistics - GIDAP DD 3.6.1,https://www.caiso.com/generation-transmission/generation/generator-interconnection,2026-09-14,,
https://www.caiso.com/documents/ferc-845-interconnection-study-statistics-ris-kk-3-6-1.pdf,FERC 845 Interconnection Study Statistics - RIS KK 3.6.1,https://www.caiso.com/generation-transmission/generation/generator-interconnection,2026-09-14,,
https://www.pge.com/assets/pge/docs/about/doing-business-with-pge/distribution-cluster-process.pdf,Generator Interconnection Process Wholesale Distribution Cluster Study Process (CSP) (PDF),https://www.pge.com/en/about/doing-business-with-pge/interconnections/wholesale-generation.html,2026-09-14,,
https://www.pge.com/assets/pge/docs/about/doing-business-with-pge/distribution-fasttrack-process.pdf,Generator Interconnection Process Wholesale Distribution Fast Track (PDF),https://www.pge.com/en/about/doing-business-with-pge/interconnections/wholesale-generation.html,2026-09-14,,
https://www.pge.com/assets/pge/docs/about/doing-business-with-pge/distribution-isp-process.pdf,Generator Interconnection Process Wholesale Distribution Independent Study Process (ISP) (PDF),https://www.pge.com/en/about/doing-business-with-pge/interconnections/wholesale-generation.html,2026-09-14,,
https://www.pge.com/assets/pge/docs/about/doing-business-with-pge/wholesale-distribution-process-overview.pdf,Generator Interconnection Process Wholesale Distribution Overview (PDF),https://www.pge.com/en/about/doing-business-with-pge/interconnections/wholesale-generation.html,2026-09-14,,
https://www.pge.com/assets/pge/docs/about/doing-business-with-pge/transmission-cluster-process.pdf,Generator Interconnection Process Wholesale Transmission Cluster Study Process,https://www.pge.com/en/about/doing-business-with-pge/interconnections/wholesale-generation.html,2026-09-14,,
https://www.pge.com/assets/pge/docs/about/doing-business-with-pge/transmission-isp-process.pdf,Generator Interconnection Process Wholesale Transmission Independent Study Process (ISP),https://www.pge.com/en/about/doing-business-with-pge/interconnections/wholesale-generation.html,2026-09-14,,
https://www.pge.com/assets/pge/docs/about/doing-business-with-pge/wholesale-transmission-process-overview.pdf,Generator Interconnection Process Wholesale Transmission Overview (PDF),https://www.pge.com/en/about/doing-business-with-pge/interconnections/wholesale-generation.html,2026-09-14,,
https://www.caiso.com/documents/generator-interconnection-resource-id-report.xlsx,Generator Interconnection Resource ID Report,https://www.caiso.com/generation-transmission/generation/generator-interconnection,2026-09-14,,
https://www.caiso.com/documents/guidance-for-interconnection-customers-submitting-technical-data.pdf,Guidance for Interconnection Customers Submitting Technical Data,https://www.caiso.com/generation-transmission/generation/generator-interconnection/interconnection-request-study,2026-09-14,,
https://www.caiso.com/documents/appendix-kk-resource-interconnection-standards-as-of-jun-25-2025.pdf,"ISO Tariff, Appendix KK - Resource Interconnection Standards (RIS)",https://www.caiso.com/generation-transmission/generation/generator-interconnection,2026-09-14,,
https://www.caiso.com/documents/appendix-kk-resource-interconnection-standards-as-of-oct-1-2024.pdf,"ISO Tariff, Appendix KK - Resource Interconnection Standards (RIS)",https://www.caiso.com/generation-transmission/generation/generator-interconnection/transmission-plan-deliverability,2026-09-14,,
https://www.caiso.com/documents/appendix-ll-lgia-for-interconnection-requests-processed-under-the-ris-as-of-may-17-2024.pdf,"ISO Tariff, Appendix LL - LGIA for Interconnection Requests processed under the RIS",https://www.caiso.com/generation-transmission/generation/generator-interconnection,2026-09-14,,
https://www.caiso.com/documents/appendix-mm-sgia-for-interconnection-requests-processed-under-the-ris-as-of-may-17-2024.pdf,"ISO Tariff, Appendix MM - SGIA for Interconnection Requests processed under the RIS",https://www.caiso.com/generation-transmission/generation/generator-interconnection,2026-09-14,,
https://www.caiso.com/documents/section-25-interconnection-of-generating-units-and-facilities-as-of-dec-17-2024.pdf,"ISO Tariff, Section 25",https://www.caiso.com/generation-transmission/generation/generator-interconnection,2026-09-14,,
https://www.caiso.com/documents/interconnectionrequestform-appendix1-independentstudyandfasttrack.docx,Interconnection Request Form - Appendix 1 - Independent Study and Fast Track,https://www.caiso.com/generation-transmission/generation/generator-interconnection/interconnection-request-study,2026-09-14,,
https://www.caiso.com/documents/inverterbasedinterconnectionrequestsibrdynamicmodelreviewguideline.pdf,Inverter-Based Interconnection Requests (IBR) Dynamic Model Review Guideline,https://www.caiso.com/generation-transmission/generation/generator-interconnection/interconnection-request-study,2026-09-14,,
https://www.caiso.com/documents/pge-surety-bond-interconnection-facilities.docx,PGE - Surety Bond Interconnection Facilities,https://www.caiso.com/generation-transmission/generation/generator-interconnection/interconnection-request-study,2026-09-14,,
https://www.pge.com/assets/pge/docs/about/doing-business-with-pge/PGE_WDT_GIP_effective_2012Mar26.pdf,"Pacific Gas and Electric Company Wholesale Distribution Tariff, FERC Electric Tariff Volume No. 4 Attachment I: Generator Interconnection Procedures (GIP) (PDF)",https://www.pge.com/en/about/doing-business-with-pge/interconnections/wholesale-generation.html,2026-09-14,,
https://www.pge.com/assets/pge/docs/about/doing-business-with-pge/wdt-faqs.pdf.coredownload.pdf,Pacific Gas and Electric Company's Wholesale Distribution Tariff Queue Frequently Asked Questions,https://www.pge.com/en/about/doing-business-with-pge/interconnections/wholesale-generation.html,2026-09-14,,
https://www.caiso.com/documents/points-of-interconnection-heatmap-frequently-asked-questions.pdf,Points of Interconnection Heatmap Frequently Asked Questions,https://www.caiso.com/generation-transmission/generation/generator-interconnection,2026-09-14,,
https://www.caiso.com/documents/presentation-resource-interconnection-standards-fair.pdf,Presentation - Resource Interconnection Standards Fair,https://www.caiso.com/generation-transmission/generation/generator-interconnection/interconnection-request-study,2026-09-14,,
https://www.caiso.com/documents/resource-interconnection-standards-fair-questions-and-answers.pdf,Resource Interconnection Standards Fair Questions and Answers,https://www.caiso.com/generation-transmission/generation/generator-interconnection/interconnection-request-study,2026-09-14,,
https://www.caiso.com/documents/presentation-resource-interconnection-standards-fair-2026.pdf,Resource Interconnection Standards Fair presentation,https://www.caiso.com/generation-transmission/generation/generator-interconnection,2026-09-14,,
https://www.caiso.com/documents/resource-interconnection-standards-interconnection-study-timeline.xlsx,Resource Interconnection Standards Interconnection Study Timeline,https://www.caiso.com/generation-transmission/generation/generator-interconnection/transmission-plan-deliverability,2026-09-14,,
https://www.caiso.com/documents/sce-grid-interconnection-escrow-agreement-us-bank.docx,SCE - Grid Interconnection Escrow Agreement US Bank,https://www.caiso.com/generation-transmission/generation/generator-interconnection/interconnection-request-study,2026-09-14,,
https://www.caiso.com/documents/sce-grid-interconnection-escrow-deposit-instructions.docx,SCE - Grid Interconnection Escrow Deposit Instructions,https://www.caiso.com/generation-transmission/generation/generator-interconnection/interconnection-request-study,2026-09-14,,
https://www.caiso.com/documents/sce-grid-interconnection-guaranty.docx,SCE - Grid Interconnection Guaranty,https://www.caiso.com/generation-transmission/generation/generator-interconnection/interconnection-request-study,2026-09-14,,
https://www.caiso.com/documents/sce-grid-interconnection-standby-letter-of-credit.docx,SCE - Grid Interconnection Standby Letter of Credit,https://www.caiso.com/generation-transmission/generation/generator-interconnection/interconnection-request-study,2026-09-14,,
https://www.caiso.com/documents/sce-grid-interconnection-surety-bond.docx,SCE - Grid Interconnection Surety Bond,https://www.caiso.com/generation-transmission/generation/generator-interconnection/interconnection-request-study,2026-09-14,,
https://www.caiso.com/documents/sample-interconnectionrequestform-appendix1-independentstudyandfasttrack.pdf,Sample - Interconnection Request Form - Appendix1 - Independent Study and Fast Track,https://www.caiso.com/generation-transmission/generation/generator-interconnection/interconnection-request-study,2026-09-14,,
https://www.caiso.com/documents/sample-interconnection-request-application-data-fields.xlsx,Sample Interconnection Request Application Data Fields,https://www.caiso.com/generation-transmission/generation/generator-interconnection/interconnection-request-study,2026-09-14,,
https://www.pge.com/assets/pge/docs/about/doing-business-with-pge/fasttrack-gsg.pdf,Wholesale Distribution Fast Track Interconnection Process (PDF),https://www.pge.com/en/about/doing-business-with-pge/interconnections/wholesale-generation.html,2026-09-14,,
https://www.pge.com/assets/pge/docs/about/doing-business-with-pge/cluster-gsg.pdf,Wholesale Distribution Independent Study and Cluster Study Interconnection Processes Getting Started Guide (PDF),https://www.pge.com/en/about/doing-business-with-pge/interconnections/wholesale-generation.html,2026-09-14,,
https://www.pge.com/assets/pge/docs/about/doing-business-with-pge/wholesale-faq.pdf.coredownload.pdf,Wholesale Generation Interconnection Services - Frequently Asked Questions,https://www.pge.com/en/about/doing-business-with-pge/interconnections/wholesale-generation.html,2026-09-14,,
https://www.caiso.com/documents/2025-intra-cluster-prioritization-study-plan.pdf,2025 Intra-Cluster Prioritization Study Plan,https://www.caiso.com/generation-transmission/generation/generator-interconnection/interconnection-request-study,2026-09-14,,
https://www.caiso.com/documents/2025-intra-cluster-reliability-network-upgrade-prioritization.pdf,2025 Intra-Cluster Reliability Network Upgrade Prioritization,https://www.caiso.com/generation-transmission/generation/generator-interconnection/interconnection-request-study,2026-09-14,,
https://www.caiso.com/documents/affected-system-contact-list.xlsx,Affected System Contact List,https://www.caiso.com/generation-transmission/generation/generator-interconnection/interconnection-request-study,2026-09-14,,
https://www.caiso.com/documents/affidavit-non-lse-commercial-interest.docx,Affidavit Non-LSE Commercial Interest,https://www.caiso.com/generation-transmission/generation/generator-interconnection/interconnection-request-study,2026-09-14,,
https://www.pge.com/assets/pge/docs/about/doing-business-with-pge/appendix-a.pdf,Appendix A Generating Facility Data (PDF),https://www.pge.com/en/about/doing-business-with-pge/interconnections/wholesale-generation.html,2026-09-14,,
https://www.caiso.com/documents/aug17-2018-tariffamendment-energystorage-distributed-energy-resources-phase-2-enhancements-er18-2242.pdf,"Aug 17, 2018 Tariff Amendment - Energy Storage and Distributed Energy Resources Phase 2 Enhancements (ER18-2242)",https://www.caiso.com/generation-transmission/generation/generator-interconnection,2026-09-14,,
https://www.sce.com/sites/default/files/custom-files/PDF_Files/SCE%20CAD%20File%20Requirements%20w%20checklist%20072321%20(1).pdf,CAD File Requirements,https://www.sce.com/clean-energy-efficiency/solar-generating-your-own-power/solar-power-basics/grid-interconnections,2026-09-14,,
https://www.caiso.com/documents/cpuc-2035-base-portfolio-bus-bar-mapping-single-line-diagrams.pdf,CPUC - 2035 Base Portfolio Bus Bar Mapping Single Line Diagrams,https://www.caiso.com/generation-transmission/generation/generator-interconnection,2026-09-14,,
https://www.caiso.com/documents/cpuc-stationpowerdecision.pdf,CPUC - Station Power Decision,https://www.caiso.com/generation-transmission/generation/generator-interconnection,2026-09-14,,
https://www.caiso.com/Documents/AppendixY_2012-04-18.pdf,California Independent System Operator Corporation Fifth Replacement Electric Tariff Appendix Y (PDF),https://www.pge.com/en/about/doing-business-with-pge/interconnections/wholesale-generation.html,2026-09-14,,
https://www.pge.com/assets/pge/docs/about/doing-business-with-pge/caiso-glossary-of-terms.pdf.coredownload.pdf,California Independent System Operator Corporation Fifth Replacement Electronic Tariff,https://www.pge.com/en/about/doing-business-with-pge/interconnections/wholesale-generation.html,2026-09-14,,
https://www.caiso.com/Documents/CombinedConformedTariff_2012-04-18.pdf,California Independent System Operator Corporation Fifth Replacement FERC Electric Tariff (PDF),https://www.pge.com/en/about/doing-business-with-pge/interconnections/wholesale-generation.html,2026-09-14,,
https://www.caiso.com/documents/cluster-intake-scoring-process-and-commercial-interest-requirements.pdf,Cluster Intake Scoring Commercial Interest Requirements,https://www.caiso.com/generation-transmission/generation/generator-interconnection/interconnection-request-study,2026-09-14,,
https://www.caiso.com/documents/commercial-viability-criteria-cvc-annual-demonstration-form.docx,Commercial Viability Criteria (CVC) Annual Demonstration Form,https://www.caiso.com/generation-transmission/generation/generator-interconnection/transmission-plan-deliverability,2026-09-14,,
https://www.caiso.com/documents/currentreliabilitynetworkupgradereimbursementmaximum.pdf,Current Reliability Network Upgrade Reimbursement Maximum,https://www.caiso.com/generation-transmission/generation/generator-interconnection/interconnection-request-study,2026-09-14,,
https://www.caiso.com/documents/dcrt-2025-per-unit-cost-guide-final.xlsx,DCRT 2025 Per Unit Cost Guide Final,https://www.caiso.com/generation-transmission/generation/generator-interconnection/interconnection-request-study,2026-09-14,,
https://www.caiso.com/documents/dslk-2025-per-unit-cost-guide-final.xlsx,DSLK 2025 Per Unit Cost Guide Final,https://www.caiso.com/generation-transmission/generation/generator-interconnection/interconnection-request-study,2026-09-14,,
https://www.caiso.com/documents/desertlink-letter-of-credit.docx,DesertLink - Letter of Credit,https://www.caiso.com/generation-transmission/generation/generator-interconnection/interconnection-request-study,2026-09-14,,
https://www.caiso.com/documents/desertlink-surety-bond.docx,DesertLink Surety Bond,https://www.caiso.com/generation-transmission/generation/generator-interconnection/interconnection-request-study,2026-09-14,,
https://www.caiso.com/documents/docusignelectronicsignaturefaqs_gridassets.pdf,DocuSign Electronic Signature FAQs,https://www.caiso.com/generation-transmission/generation/generator-interconnection,2026-09-14,,
https://www.caiso.com/documents/docusign-user-guide_2015.pdf,DocuSign User Guide,https://www.caiso.com/generation-transmission/generation/generator-interconnection,2026-09-14,,
https://www.caiso.com/documents/engineering-design-plan-form.docx,Engineering Design Plan Form,https://www.caiso.com/generation-transmission/generation/generator-interconnection/interconnection-request-study,2026-09-14,,
https://www.caiso.com/documents/evaluategeneratorreactivecapability-whitepaper.pdf,Evaluation of Generator Reactive Capability - White Paper,https://www.caiso.com/generation-transmission/generation/generator-interconnection/interconnection-request-study,2026-09-14,,
https://www.caiso.com/documents/flatruntestandbumptestplotinstructions.pdf,Flat Run Test and Bump Test Plot Instructions,https://www.caiso.com/generation-transmission/generation/generator-interconnection/interconnection-request-study,2026-09-14,,
https://www.caiso.com/documents/glw-guaranty.docx,GLW - Guaranty,https://www.caiso.com/generation-transmission/generation/generator-interconnection/interconnection-request-study,2026-09-14,,
https://www.caiso.com/documents/glw-letter-of-credit.docx,GLW - Letter of Credit,https://www.caiso.com/generation-transmission/generation/generator-interconnection/interconnection-request-study,2026-09-14,,
https://www.caiso.com/documents/glw-2025-per-unit-cost-guide-final.xlsx,GLW 2025 Per Unit Cost Guide Final,https://www.caiso.com/generation-transmission/generation/generator-interconnection/interconnection-request-study,2026-09-14,,
https://www.caiso.com/documents/generating-facility-data-attachment-a-to-appendix-1.xlsm,Generating Facility Data - Attachment A to Appendix 1,https://www.caiso.com/generation-transmission/generation/generator-interconnection/interconnection-request-study,2026-09-14,,
https://www.caiso.com/documents/generating-facility-data-sample-solar-and-battery.xlsm,Generating Facility Data - Sample Solar and Battery,https://www.caiso.com/generation-transmission/generation/generator-interconnection/interconnection-request-study,2026-09-14,,
https://www.caiso.com/documents/generating-facility-data-sample-wind.xlsm,Generating Facility Data - Sample Wind,https://www.caiso.com/generation-transmission/generation/generator-interconnection/interconnection-request-study,2026-09-14,,
https://www.caiso.com/documents/hwt-guaranty.docx,HWT - Guaranty,https://www.caiso.com/generation-transmission/generation/generator-interconnection/interconnection-request-study,2026-09-14,,
https://www.caiso.com/documents/hwt-letter-of-credit.docx,HWT - Letter of Credit,https://www.caiso.com/generation-transmission/generation/generator-interconnection/interconnection-request-study,2026-09-14,,
https://www.caiso.com/documents/hwt-2025-per-unit-cost-guide-final.xlsx,HWT 2025 Per Unit Cost Guide Final,https://www.caiso.com/generation-transmission/generation/generator-interconnection/interconnection-request-study,2026-09-14,,
https://www.caiso.com/documents/iso-inverter-based-model-validation-procedure.zip,ISO Inverter-Based Model Validation Procedure,https://www.caiso.com/generation-transmission/generation/generator-interconnection/interconnection-request-study,2026-09-14,,
https://www.caiso.com/documents/appendix-a-master-definition-supplement-as-of-may-29-2026.pdf,"ISO Tariff, Appendix A - Master Definition Supplement",https://www.caiso.com/generation-transmission/generation/generator-interconnection,2026-09-14,,
https://www.caiso.com/documents/appendix-a-master-definition-supplement-as-of-feb-5-2025.pdf,"ISO Tariff, Appendix A - Master Definition Supplement",https://www.caiso.com/generation-transmission/generation/generator-interconnection/transmission-plan-deliverability,2026-09-14,,
https://www.caiso.com/documents/iso-affectedsystemstudyrequest.docx,ISO as an Affected System Study Request,https://www.caiso.com/generation-transmission/generation/generator-interconnection/interconnection-request-study,2026-09-14,,
https://www.sce.com/sites/default/files/custom-files/Web%20files/Issue-Paper-and-Straw-Proposal-Interconnecton-Process-Enhancements-2023-Mar132023.pdf,Issue-Paper-and-Straw-Proposal-Interconnecton-Process-Enhancements-2023-Mar132023.pdf (caiso.com),https://www.sce.com/clean-energy-efficiency/solar-generating-your-own-power/solar-power-basics/grid-interconnections,2026-09-14,,
https://www.caiso.com/documents/july242012orderconditionallyacceptingtariffrevisions-docketnoer12-1855-000.pdf,"July 24, 2012 Order Conditionally Accepting Tariff Revisions in Docket No. ER12-1855-000",https://www.caiso.com/generation-transmission/generation/generator-interconnection/transmission-plan-deliverability,2026-09-14,,
https://www.caiso.com/documents/ls-power-grid-california-letter-of-credit.docx,LS Power Grid California - Letter of Credit,https://www.caiso.com/generation-transmission/generation/generator-interconnection/interconnection-request-study,2026-09-14,,
https://www.caiso.com/documents/ls-power-grid-california-surety-bond.docx,LS Power Grid California Surety Bond,https://www.caiso.com/generation-transmission/generation/generator-interconnection/interconnection-request-study,2026-09-14,,
https://www.caiso.com/documents/lse-commercial-interest-opt-in-form.docx,LSE Commercial Interest Opt In Form,https://www.caiso.com/generation-transmission/generation/generator-interconnection/interconnection-request-study,2026-09-14,,
https://www.caiso.com/documents/lspgc-2025-per-unit-cost-guide-final.xlsx,LSPGC 2025 Per Unit Cost Guide Final,https://www.caiso.com/generation-transmission/generation/generator-interconnection/interconnection-request-study,2026-09-14,,
https://www.caiso.com/documents/dcrtformletterofcredit.docx,Letter of Credit - DCRT,https://www.caiso.com/generation-transmission/generation/generator-interconnection/interconnection-request-study,2026-09-14,,
https://www.caiso.com/documents/letter-of-credit-oc-transmission-llc.docx,Letter of Credit - OC Transmission LLC,https://www.caiso.com/generation-transmission/generation/generator-interconnection/interconnection-request-study,2026-09-14,,
https://www.caiso.com/documents/letter-credit-vea.pdf,Letter of Credit - VEA,https://www.caiso.com/generation-transmission/generation/generator-interconnection/interconnection-request-study,2026-09-14,,
https://www.caiso.com/documents/local-capacity-deficiencies-bus-bar-closter-16.xlsx,Local Capacity Deficiencies Bus Bar Closter 16,https://www.caiso.com/generation-transmission/generation/generator-interconnection,2026-09-14,,
https://www.sce.com/sites/default/files/inline-files/5527_SCE_IneractiveFAQ__4.pdf,Net-Energy Metering,https://www.sce.com/clean-energy-efficiency/solar-generating-your-own-power/solar-power-basics/grid-interconnections,2026-09-14,,
https://www.caiso.com/documents/new-scheduling-coordinator-and-resource-owner-reference-guide.pdf,New Scheduling Coordinator and Resource Owner Reference Guide,https://www.caiso.com/generation-transmission/generation/generator-interconnection,2026-09-14,,
https://www.caiso.com/documents/pge-escrow-agreement-transmission-tariff.docx,PG&E Escrow Agreement - Transmission Tariff,https://www.caiso.com/generation-transmission/generation/generator-interconnection/interconnection-request-study,2026-09-14,,
https://www.caiso.com/documents/pge-letter-of-credit.docx,PGE - Letter of Credit,https://www.caiso.com/generation-transmission/generation/generator-interconnection/interconnection-request-study,2026-09-14,,
https://www.caiso.com/documents/pge-surety-bond-network-upgrades.docx,PGE - Surety Bond Network Upgrades,https://www.caiso.com/generation-transmission/generation/generator-interconnection/interconnection-request-study,2026-09-14,,
https://www.caiso.com/documents/pge-2025-per-unit-cost-guide-final.xlsx,PGE 2025 Per Unit Cost Guide Final,https://www.caiso.com/generation-transmission/generation/generator-interconnection/interconnection-request-study,2026-09-14,,
https://www.pge.com/assets/pge/docs/about/doing-business-with-pge/wd-tariff.pdf,Pacific Gas and Electric Company Wholesale Distribution Tariff (WD Tariff) FERC Electric tariff Volume No. 4 (PDF),https://www.pge.com/en/about/doing-business-with-pge/interconnections/wholesale-generation.html,2026-09-14,,
https://www.pge.com/assets/pge/docs/about/doing-business-with-pge/wholesale-distribution-tariff-glossary-of-terms.pdf.coredownload.pdf,Pacific Gas and Electric Company Wholesale Distribution Tariff (WD Tariff) Glossary of Terms,https://www.pge.com/en/about/doing-business-with-pge/interconnections/wholesale-generation.html,2026-09-14,,
https://www.caiso.com/documents/prohibitedprojectnames.xlsx,Prohibited Project Names,https://www.caiso.com/generation-transmission/generation/generator-interconnection/interconnection-request-study,2026-09-14,,
https://www.sce.com/sites/default/files/custom-files/PDF_Files/Attachment_A-Unit_Cost_Guide_2026.pdf,Rule 21 Unit Cost Guide,https://www.sce.com/clean-energy-efficiency/solar-generating-your-own-power/solar-power-basics/grid-interconnections,2026-09-14,,
https://www.caiso.com/documents/sce-certificate-of-deposit-instructions.docx,SCE - Certificate of Deposit Instructions,https://www.caiso.com/generation-transmission/generation/generator-interconnection/interconnection-request-study,2026-09-14,,
https://www.caiso.com/documents/sce-2025-per-unit-cost-guide-final.xlsx,SCE 2025 Per Unit Cost Guide Final,https://www.caiso.com/generation-transmission/generation/generator-interconnection/interconnection-request-study,2026-09-14,,
https://www.sce.com/sites/default/files/custom-files/PDF_Files/SCE-2026_Unit-Cost_Guide-Pre_Posting-Presentation_Final.pdf,SCE 2026 Unit Cost Guide Pre-Posting Presentation_Final.pdf,https://www.sce.com/clean-energy-efficiency/solar-generating-your-own-power/solar-power-basics/grid-interconnections,2026-09-14,,
https://www.caiso.com/documents/sdge-guaranty.docx,SDGE - Guaranty,https://www.caiso.com/generation-transmission/generation/generator-interconnection/interconnection-request-study,2026-09-14,,
https://www.caiso.com/documents/sdge-letter-of-credit.docx,SDGE - Letter of Credit,https://www.caiso.com/generation-transmission/generation/generator-interconnection/interconnection-request-study,2026-09-14,,
https://www.caiso.com/documents/sdge-surety-bond.docx,SDGE - Surety Bond,https://www.caiso.com/generation-transmission/generation/generator-interconnection/interconnection-request-study,2026-09-14,,
https://www.caiso.com/documents/sdge-2025-per-unit-cost-guide-final.xlsx,SDGE 2025 Per Unit Cost Guide Final,https://www.caiso.com/generation-transmission/generation/generator-interconnection/interconnection-request-study,2026-09-14,,
https://www.caiso.com/documents/siteexclusivity-controldemonstrationform.docx,Site Exclusivity/Control Demonstration Form,https://www.caiso.com/generation-transmission/generation/generator-interconnection/interconnection-request-study,2026-09-14,,
https://www.caiso.com/documents/suretybond-vea.pdf,Surety Bond - VEA,https://www.caiso.com/generation-transmission/generation/generator-interconnection/interconnection-request-study,2026-09-14,,
https://www.caiso.com/documents/upgrade-cost-responsibility-implementation.pdf,Upgrade and Cost Responsibility Implementation,https://www.caiso.com/generation-transmission/generation/generator-interconnection/interconnection-request-study,2026-09-14,,
https://www.caiso.com/documents/vea-2025-per-unit-cost-guide-final.xlsx,VEA 2025 Per Unit Cost Guide Final,https://www.caiso.com/generation-transmission/generation/generator-interconnection/interconnection-request-study,2026-09-14,,
https://www.caiso.com/documents/vendorupdateform-fillable.pdf,Vendor Update Form,https://www.caiso.com/generation-transmission/generation/generator-interconnection,2026-09-14,,
https://www.caiso.com/documents/w-9form.pdf,W-9 Form,https://www.caiso.com/generation-transmission/generation/generator-interconnection,2026-09-14,,
https://www.pge.com/assets/pge/docs/about/doing-business-with-pge/electric-generator-interconnect.pdf,Wholesale Distribution & Rule 21 Export Getting Started Guide (PDF),https://www.pge.com/en/about/doing-business-with-pge/interconnections/wholesale-generation.html,2026-09-14,,
https://www.pge.com/assets/pge/docs/about/doing-business-with-pge/qf-gsg.pdf,Wholesale Qualifying Facilities Conversion (PDF),https://www.pge.com/en/about/doing-business-with-pge/interconnections/wholesale-generation.html,2026-09-14,,
https://www.pge.com/assets/pge/docs/about/doing-business-with-pge/above60kv-gsg.pdf,Wholesale Transmission Generation: 60 kV and Above (PDF),https://www.pge.com/en/about/doing-business-with-pge/interconnections/wholesale-generation.html,2026-09-14,,
https://www.sce.com/sites/default/files/custom-files/PDF_Files/QC16_Presentation_v2.pdf,QC16 Presentation,https://www.sce.com/clean-energy-efficiency/solar-generating-your-own-power/solar-power-basics/grid-interconnections,2026-09-16,,
https://www.caiso.com/documents/q-and-a-long-lead-time-resource-for-c16.pdf,Q and A Long Lead Time Resource for C16,https://www.caiso.com/generation-transmission/generation/generator-interconnection,2026-09-21,,
