poi_base,county,utility,active_projects,active_mw,active_storage_mw,full_capacity_mw,energy_only_mw,withdrawn_projects,withdrawn_mw,completed_mw,churn_ratio
WINDHUB SUBSTATION,KERN,SCE,8.0,4050.0,2469.8,1500.0,1150.0,27.0,9229.0,1768.0,1.6
DELANEY-COLORADO RIVER,LA PAZ,DCRT,1.0,3200.0,2171.0,0.0,0.0,0.0,0.0,500.0,0.0
RED BLUFF SUBSTATION,RIVERSIDE,SCE,8.0,2867.0,2913.7,1867.0,0.0,11.0,9384.5,1256.5,2.3
WHIRLWIND SUBSTATION,KERN,SCE,10.0,2318.9,1715.9,2019.3,0.0,15.0,3472.3,1340.1,1.0
MOSS LANDING,MONTEREY,PGAE,2.0,2250.0,1539.6,2250.0,0.0,2.0,1000.0,0.0,0.4
LOS BANOS,MERCED,PGAE,6.0,1830.0,1738.0,1753.6,0.0,2.0,200.0,0.0,0.1
MOHAVE SUBSTATION,CLARK,SCE,4.0,1770.0,1770.0,1770.0,0.0,2.0,775.0,0.0,0.4
ANTELOPE SUBSTATION,LOS ANGELES,SCE,5.0,1720.0,1289.5,1100.0,300.0,11.0,1080.0,20.0,0.6
COLORADO RIVER SUBSTATION,RIVERSIDE,SCE,5.0,1715.0,1744.6,280.0,935.0,24.0,6664.0,2035.0,1.8
TROUT CANYON SUBSTATION,CLARK,GLW,5.0,1650.0,1692.0,1100.0,300.0,0.0,0.0,0.0,0.0
TRANQUILITY,FRESNO,PGAE,8.0,1575.0,1356.8,825.0,200.0,1.0,200.0,0.0,0.1
HOODOO WASH SWITCHYARD,YUMA,SDGE,5.0,1550.0,1321.0,350.0,1200.0,5.0,1407.0,790.0,0.6
MOORPARK SUBSTATION,VENTURA,SCE,3.0,1500.0,1516.5,1000.0,0.0,4.0,1475.0,0.0,1.0
GATES,KINGS,PGAE,3.0,1496.1,899.0,496.1,1000.0,1.0,500.0,400.0,0.3
VINCENT SUBSTATION,LOS ANGELES,SCE,2.0,1450.0,1455.0,1450.0,0.0,7.0,2645.0,9.5,1.8
MIDWAY,KERN,PGAE,4.0,1385.0,1278.2,1350.0,35.0,4.0,685.0,0.0,0.5
EAST COUNTY SUBSTATION,TECATE,SDGE,2.0,1272.8,0.0,300.0,972.8,0.0,0.0,0.0,0.0
NORTH GILA - IMPERIAL VALLEY,IMPERIAL,SDGE,1.0,1150.0,1150.0,1150.0,0.0,0.0,0.0,0.0,0.0
MANNING-MIDWAY,FRESNO,PGAE,1.0,1150.0,1150.0,1150.0,0.0,0.0,0.0,0.0,0.0
GATES,FRESNO,PGAE,4.0,1025.1,971.1,1025.1,0.0,0.0,0.0,0.0,0.0
COLORADO RIVER - PALO VERDE,LA PAZ,SCE,1.0,1000.0,1010.9,0.0,1000.0,0.0,0.0,0.0,0.0
DIABLO CANYON,SAN LUIS OBISPO,PGAE,1.0,1000.0,0.0,1000.0,0.0,2.0,2900.0,0.0,2.9
RIO HONDO SUBSTATION,LOS ANGELES,SCE,3.0,1000.0,1015.4,1000.0,0.0,5.0,2347.0,0.0,2.4
ARCO,KERN,PGAE,5.0,914.9,890.9,164.9,100.0,3.0,500.0,60.0,0.5
TESLA,SAN JOAQUIN,PGAE,2.0,900.0,921.3,900.0,0.0,0.0,0.0,0.0,0.0
IMPERIAL VALLEY SUBSTATION,IMPERIAL,SDGE,3.0,875.0,425.0,0.0,0.0,19.0,4824.0,1347.0,2.2
DELANEY SUBSTATION,MARICOPA,DCRT,3.0,850.0,880.7,450.0,400.0,4.0,3250.0,0.0,3.8
KRAMER SUBSTATION,SAN BERNARDINO,SCE,4.0,850.0,696.6,450.0,200.0,5.0,820.0,332.0,0.7
VACA-DIXON,SOLANO,PGAE,3.0,800.0,891.6,800.0,0.0,1.0,700.0,0.0,0.9
LAGUNA BELL SUBSTATION,LOS ANGELES,SCE,3.0,750.0,756.3,750.0,0.0,2.0,400.0,0.0,0.5
TROUT CANYON SUBSTATION,INYO,GLW,2.0,750.0,765.1,0.0,500.0,0.0,0.0,0.0,0.0
GAMEBIRD SUBSTATION,NYE,GLW,3.0,744.0,760.8,200.0,544.0,0.0,0.0,0.0,0.0
VINCENT SUBSTATION,KERN,SCE,2.0,620.0,648.0,620.0,0.0,4.0,443.1,182.7,0.6
WALNUT SUBSTATION,LOS ANGELES,SCE,2.0,600.0,600.0,600.0,0.0,1.0,200.0,500.5,0.2
TEHACHAPI CONCEPTUAL SUBSTATION #1,KERN,SCE,1.0,600.0,300.0,0.0,0.0,0.0,0.0,0.0,0.0
OTAY MESA SWITCHYARD,SAN DIEGO,SDGE,2.0,550.0,569.2,0.0,550.0,7.0,1280.0,1183.0,0.7
CONTRA COSTA PP,CONTRA COSTA,PGAE,2.0,550.0,564.2,300.0,0.0,0.0,0.0,0.0,0.0
PROPOSED LEE LAKE SUBSTATION,RIVERSIDE,SDGE,1.0,500.0,500.0,500.0,0.0,0.0,0.0,0.0,0.0
PITTSBURG-TESLA #1,CONTRA COSTA,PGAE,1.0,500.0,504.0,500.0,0.0,0.0,0.0,0.0,0.0
LUGO SUBSTATION,SAN BERNARDINO,SCE,1.0,500.0,512.6,500.0,0.0,1.0,200.0,0.0,0.4
LATHROP WELLS SUBSTATION,NYE,GLW,1.0,500.0,516.8,0.0,500.0,0.0,0.0,0.0,0.0
PITTSBURG,CONTRA COSTA,PGAE,2.0,500.0,532.6,500.0,0.0,4.0,1531.0,0.0,3.1
BEATTY SUBSTATION,NYE,GLW,1.0,500.0,515.1,0.0,500.0,0.0,0.0,0.0,0.0
TESLA-NEWARK #1,ALAMEDA,PGAE,1.0,500.0,504.0,500.0,0.0,0.0,0.0,0.0,0.0
GATES-MIDWAY,KINGS,PGAE,1.0,500.0,500.0,0.0,0.0,3.0,800.0,0.0,1.6
VALLEY SUBSTATION,RIVERSIDE,SCE,1.0,500.0,507.6,500.0,0.0,1.0,110.0,680.0,0.1
SPRINGVILLE SUBSTATION,TULARE,SCE,1.0,460.0,345.0,0.0,460.0,5.0,1502.0,0.0,3.3
DEVERS SUBSTATION,RIVERSIDE,SCE,2.0,450.0,390.0,450.0,0.0,12.0,2729.0,1250.0,1.6
BOULEVARD EAST SUBSTATION,SAN DIEGO,SDGE,3.0,413.8,355.3,200.0,0.0,9.0,649.4,0.0,1.6
LAMBIE,SOLANO,PGAE,1.0,400.0,417.3,400.0,0.0,1.0,400.0,0.0,1.0
VESTAL SUBSTATION,TULARE,SCE,2.0,400.0,400.0,400.0,0.0,5.0,1039.0,300.0,1.5
LA CIENEGA SUBSTATION,LOS ANGELES,SCE,1.0,400.0,405.8,400.0,0.0,2.0,580.0,0.0,1.4
TROUT CANYON SUBSTATION,CLARK/NYE,GLW,1.0,400.0,200.0,400.0,0.0,0.0,0.0,0.0,0.0
ETIWANDA SUBSTATION,SAN BERNARDINO,SCE,1.0,400.0,405.7,400.0,0.0,3.0,2100.0,100.0,4.2
CHINO SUBSTATION,SAN BERNARDINO,SCE,1.0,400.0,403.4,400.0,0.0,3.0,1160.0,0.0,2.9
LITEHIPE SUBSTATION,LOS ANGELES,SCE,1.0,400.0,405.5,400.0,0.0,0.0,0.0,0.0,0.0
EL NIDO SUBSTATION,LOS ANGELES,SCE,1.0,400.0,405.7,400.0,0.0,1.0,150.0,0.0,0.4
MANDALAY SWITCHYARD,VENTURA,SCE,1.0,400.0,409.0,400.0,0.0,0.0,0.0,0.0,0.0
SUNCREST - OCOTILLO,SAN DIEGO,SDGE,1.0,400.0,313.9,0.0,400.0,2.0,607.9,0.0,1.5
TESLA,ALAMEDA,PGAE,3.0,380.0,365.1,380.0,0.0,0.0,0.0,400.0,0.0
RECTOR SUBSTATION,TULARE,SCE,2.0,350.0,366.2,350.0,0.0,3.0,750.0,0.0,2.1
METCALF,SANTA CLARA,PGAE,1.0,350.0,354.9,350.0,0.0,0.0,0.0,75.0,0.0
RANCHO SECO-BELLOTA #1,SAN JOAQUIN,PGAE,1.0,350.0,356.6,350.0,0.0,0.0,0.0,0.0,0.0
CIELO AZUL SUBSTATION,LA PAZ,DCRT,1.0,350.0,376.0,0.0,350.0,2.0,2500.0,0.0,7.1
INNOVATION-DESERT VIEW,CLARK,GLW,1.0,350.0,350.0,350.0,0.0,0.0,0.0,0.0,0.0
LOS ESTEROS,SANTA CLARA,PGAE,3.0,323.0,206.0,323.0,0.0,1.0,250.0,0.0,0.8
INNOVATION SUBSTATION,CLARK/NYE,GLW,1.0,300.0,300.0,0.0,0.0,1.0,300.0,0.0,1.0
SCE OWNED ELDORADO BUS,CLARK,SCE,1.0,300.0,300.0,0.0,0.0,1.0,256.8,0.0,0.9
GATES-TEMPLETON,FRESNO,PGAE,1.0,300.0,301.0,0.0,0.0,0.0,0.0,0.0,0.0
MIRA LOMA SUBSTATION,SAN BERNARDINO,SCE,1.0,300.0,313.0,300.0,0.0,5.0,2310.0,0.0,7.7
VIEJO SUBSTATION,ORANGE,SCE,1.0,300.0,302.4,300.0,0.0,0.0,0.0,0.0,0.0
WHEELER RIDGE,KERN,PGAE,1.0,300.0,310.6,0.0,300.0,0.0,0.0,300.0,0.0
WESTLY-QUINTO,STANISLAUS,PGAE,1.0,300.0,365.1,0.0,0.0,0.0,0.0,0.0,0.0
MUSTANG,KINGS,PGAE,1.0,300.0,300.0,0.0,0.0,1.0,153.3,0.0,0.5
ANTELOPE VALLEYSUBSTATION,LOS ANGELES,SCE,1.0,300.0,302.4,300.0,0.0,0.0,0.0,0.0,0.0
PISGAH SUBSTATION,SAN BERNARDINO,SCE,1.0,300.0,313.0,0.0,0.0,9.0,4920.0,0.0,16.4
OCOTILLO SWITCHYARD,IMPERIAL,SDGE,1.0,265.4,239.0,0.0,0.0,0.0,0.0,0.0,0.0
WEBER,SAN JOAQUIN,PGAE,1.0,260.0,268.1,260.0,0.0,0.0,0.0,45.0,0.0
CALCITE SUBSTATION,SAN BERNARDINO,SCE,2.0,255.0,256.0,55.0,0.0,3.0,421.0,0.0,1.6
MARTIN,SAN MATEO,PGAE,1.0,250.0,250.0,250.0,0.0,1.0,250.0,0.0,1.0
ELDORADO SUBSTATION,CLARK,SCE,1.0,250.0,256.3,250.0,0.0,7.0,3812.0,0.0,15.2
HASSAYAMPA COMMON BUS,MARICOPA,SDGE,1.0,250.0,250.0,0.0,250.0,2.0,665.0,872.3,0.6
MARTIN,SAN FRANCISCO,PGAE,1.0,250.0,250.0,250.0,0.0,0.0,0.0,0.0,0.0
SCE PORTION OF ELDORADO SUBSTATION,CLARK,SCE,1.0,250.0,256.3,0.0,250.0,0.0,0.0,0.0,0.0
CORTINA,COLUSA,PGAE,2.0,230.0,230.0,80.0,0.0,0.0,0.0,0.0,0.0
BIRDS LANDING,SOLANO,PGAE,3.0,206.8,92.0,90.8,0.0,2.0,300.0,0.0,1.4
KRAMER SUBSTATION,KERN,SCE,1.0,200.0,113.0,0.0,0.0,4.0,895.0,0.0,4.5
SANGER,FRESNO,PGAE,1.0,200.0,203.7,200.0,0.0,0.0,0.0,0.0,0.0
GREEN VALLEY,SANTA CRUZ,PGAE,1.0,200.0,203.7,200.0,0.0,0.0,0.0,0.0,0.0
HINSON SUBSTATION,LOS ANGELES,SCE,1.0,200.0,200.0,200.0,0.0,5.0,1304.0,0.0,6.5
BORDEN,MADERA,PGAE,1.0,200.0,203.2,0.0,200.0,1.0,200.0,50.0,0.8
LOS BANOS-PANOCHE #1,MERCED,PGAE,1.0,200.0,80.0,0.0,0.0,0.0,0.0,0.0,0.0
TROUT CANYON SUBSTATION,NYE,GLW,1.0,200.0,200.0,200.0,0.0,0.0,0.0,0.0,0.0
WILSON,MERCED,PGAE,1.0,200.0,203.7,200.0,0.0,1.0,250.0,0.0,1.2
ROADWAY SUBSTATION,SAN BERNARDINO,SCE,2.0,200.0,150.0,0.0,0.0,0.0,0.0,0.0,0.0
HOODOO WASH - NORTH GILA,YUMA,SDGE,1.0,200.0,208.5,0.0,200.0,0.0,0.0,0.0,0.0
SCHULTE,SAN JOAQUIN,PGAE,1.0,200.0,213.6,0.0,0.0,1.0,450.0,0.0,2.2
LAMONT,KERN,PGAE,2.0,190.0,51.4,0.0,100.0,2.0,200.0,0.0,1.0
NEWARK,ALAMEDA,PGAE,1.0,180.0,252.0,180.0,0.0,0.0,0.0,0.0,0.0
MENDOTA SUBSTATION,FRESNO,PGAE,4.0,160.0,160.0,160.0,0.0,4.0,420.0,60.0,1.9
WHIRLWIND SUB,KERN,SCE,1.0,153.0,100.0,0.0,0.0,1.0,160.0,341.3,0.3
QUINTO,MERCED,PGAE,1.0,150.0,158.6,150.0,0.0,0.0,0.0,0.0,0.0
VINCENT - PEARBLOSSOM,LOS ANGELES,SCE,1.0,150.0,153.5,150.0,0.0,0.0,0.0,0.0,0.0
TESLA-MANTECA,SAN JOAQUIN,PGAE,1.0,145.0,40.0,145.0,0.0,0.0,0.0,0.0,0.0
SLOAN CANYON SWITCHING STATION,CLARK,GLW,1.0,126.6,126.6,126.6,0.0,3.0,648.0,0.0,5.1
EXCELSIOR,FRESNO,PGAE,1.0,125.0,127.4,0.0,0.0,0.0,0.0,0.0,0.0
HENRIETTA,KINGS,PGAE,1.0,123.0,73.8,123.0,0.0,0.0,0.0,0.0,0.0
LLAGAS-GILROY FOODS,SANTA CLARA,PGAE,1.0,120.0,124.3,0.0,120.0,0.0,0.0,0.0,0.0
COBURN-BASIC ENERGY,MONTEREY,PGAE,1.0,120.0,124.3,0.0,120.0,0.0,0.0,0.0,0.0
FULTON,SONOMA,PGAE,1.0,120.0,121.6,120.0,0.0,2.0,400.0,0.0,3.3
PANOCHE SUBSTATION,FRESNO,PGAE,1.0,119.9,119.9,119.9,0.0,8.0,1082.6,401.0,2.1
CRAZY HORSE CANYON-HOLLISTER,SAN BENITO,PGAE,1.0,110.0,112.4,110.0,0.0,0.0,0.0,0.0,0.0
KERN PP,KERN,PGAE,1.0,110.0,114.3,110.0,0.0,1.0,200.0,0.0,1.8
VIERRA,SAN JOAQUIN,PGAE,1.0,101.2,102.0,101.2,0.0,0.0,0.0,0.0,0.0
SANTA TERESA,SANTA CLARA,PGAE,1.0,100.0,101.9,100.0,0.0,0.0,0.0,0.0,0.0
MIDWAY-WHEELER RIDGE #2,KERN,PGAE,1.0,100.0,0.0,0.0,100.0,1.0,229.2,150.0,0.9
COTTLE,STANISLAUS,PGAE,1.0,100.0,102.7,0.0,0.0,0.0,0.0,0.0,0.0
VALLEY SPRINGS,CALAVERAS,PGAE,1.0,100.0,101.0,100.0,0.0,0.0,0.0,0.0,0.0
SHAFTER,KERN,PGAE,1.0,100.0,101.8,0.0,100.0,0.0,0.0,0.0,0.0
JOHANNA SUBSTATION,ORANGE,SCE,1.0,100.0,102.3,100.0,0.0,4.0,1420.0,0.0,14.2
CAYETANO,ALAMEDA,PGAE,1.0,100.0,101.3,100.0,0.0,0.0,0.0,0.0,0.0
RIPON,SAN JOAQUIN,PGAE,1.0,99.0,99.0,99.0,0.0,0.0,0.0,0.0,0.0
KELSO-TESLA TAP,ALAMEDA,PGAE,1.0,90.7,114.4,90.7,0.0,0.0,0.0,0.0,0.0
CARRIZO GORGE SWITCHYARD,SAN DIEGO,SDGE,1.0,90.0,90.0,90.0,0.0,1.0,149.9,0.0,1.7
DELTA SWITCHING YARD-TESLA,ALAMEDA,PGAE,1.0,80.8,0.0,80.8,0.0,0.0,0.0,0.0,0.0
MERCY SPRINGS,MERCED,PGAE,1.0,75.0,77.5,75.0,0.0,2.0,101.8,0.0,1.4
HELM-KERMAN,FRESNO,PGAE,1.0,73.3,18.5,73.3,0.0,2.0,19.7,0.0,0.3
LAKEVIEW,KERN,PGAE,1.0,70.0,70.0,0.0,0.0,0.0,0.0,0.0,0.0
CRESCENT,FRESNO,PGAE,2.0,70.0,72.1,70.0,0.0,0.0,0.0,0.0,0.0
AVOCADO SUBSTATION,SAN DIEGO,SDGE,1.0,69.6,69.6,69.6,0.0,0.0,0.0,0.0,0.0
NEENACH-BAILEY,LOS ANGELES,SCE,1.0,66.0,66.0,66.0,0.0,0.0,0.0,0.0,0.0
PANOCHE-SCHINDLER #1 AND #2,FRESNO,PGAE,1.0,60.0,60.0,0.0,0.0,0.0,0.0,0.0,0.0
GEYSERS #3-CLOVERDALE,SONOMA,PGAE,1.0,53.0,0.0,53.0,0.0,1.0,32.0,0.0,0.6
GEYSERS #17-FULTON,LAKE,PGAE,1.0,52.0,47.4,0.0,52.0,0.0,0.0,0.0,0.0
KEN-OKJ,SANTA CLARA,PGAE,1.0,50.0,50.0,50.0,0.0,0.0,0.0,0.0,0.0
VALLEY SUBSTATION,NYE,VEA,1.0,50.0,40.0,0.0,0.0,2.0,70.0,50.0,0.7
GOLD HILL,SACRAMENTO,PGAE,1.0,49.9,58.8,49.9,0.0,0.0,0.0,0.0,0.0
GREENLEAF #1,SUTTER,PGAE,1.0,49.0,50.5,0.0,49.0,0.0,0.0,0.0,0.0
HENRIETTA-LEMOORE NAS,KINGS,PGAE,1.0,40.0,21.0,0.0,40.0,0.0,0.0,0.0,0.0
TAFT-CUYAMA #1,SAN LUIS OBISPO,PGAE,1.0,40.0,40.0,40.0,0.0,0.0,0.0,0.0,0.0
ESCONDIDO SUBSTATION,SAN DIEGO,SDGE,1.0,33.0,33.0,33.0,0.0,3.0,600.0,0.0,18.2
GIFFEN,FRESNO,PGAE,1.0,25.0,25.5,25.0,0.0,0.0,0.0,0.0,0.0
TULUCAY,NAPA,PGAE,1.0,24.5,0.0,24.5,0.0,0.0,0.0,0.0,0.0
MIDWAY-TEMBLOR,KERN,PGAE,1.0,20.0,20.0,0.0,0.0,0.0,0.0,0.0,0.0
SALADO-NEWMAN #1,STANISLAUS,PGAE,1.0,20.0,20.0,0.0,20.0,0.0,0.0,0.0,0.0
HOODOO WASH SWITCHYARD,MARICOPA,SDGE,1.0,20.0,0.0,0.0,20.0,0.0,0.0,0.0,0.0
MIDWAY TEMBLOR,KERN,PGAE,1.0,20.0,20.0,0.0,0.0,0.0,0.0,0.0,0.0
BELRIDGE - TEMBLOR,KERN,PGAE,1.0,20.0,20.0,0.0,0.0,0.0,0.0,0.0,0.0
SCHULTE SWITCHING STATION,SAN JOAQUIN,PGAE,1.0,20.0,0.0,20.0,0.0,0.0,0.0,0.0,0.0
HENRIETTA-TULARE LAKE,KINGS,PGAE,1.0,20.0,20.0,0.0,20.0,1.0,20.0,20.0,0.5
ALTAMONT MIDWAY,ALAMEDA,PGAE,1.0,5.0,0.0,0.0,5.0,0.0,0.0,0.0,0.0
VOTA-SOUTH,TEHAMA,PGAE,1.0,4.5,0.0,0.0,4.5,0.0,0.0,0.0,0.0
VOLTA-SOUTH,TEHAMA,PGAE,1.0,0.5,0.0,0.0,0.5,0.0,0.0,0.0,0.0
NEW SUBSTATION ON NORTH GILA-IMPERIAL VALLEY,IMPERIAL,SDGE,0.0,0.0,0.0,0.0,0.0,1.0,600.0,0.0,
MUSTANG SWITCHYARD,KINGS,PGAE,0.0,0.0,0.0,0.0,0.0,0.0,0.0,150.0,0.0
MUSTANG SWITCHING STATION,KINGS,PGAE,0.0,0.0,0.0,0.0,0.0,1.0,250.0,300.0,0.8
NEW SUBSTATION TO LOOP IN TL2330 TALEGA- ESCONDIDO,SAN DIEGO,SDGE,0.0,0.0,0.0,0.0,0.0,1.0,523.0,0.0,
NEW SUBSTATIONS SAN LUIS-MELROSE,SAN DIEGO,SDGE,0.0,0.0,0.0,0.0,0.0,1.0,50.0,0.0,
NORTH GILA-IMPERIAL VALLEY,IMPERIAL,SDGE,0.0,0.0,0.0,0.0,0.0,1.0,726.4,0.0,
NEW WHEELER RIDGE JUNCTION,KERN,PGAE,0.0,0.0,0.0,0.0,0.0,1.0,200.0,0.0,
NORTH ISLAND METERING STATION,SAN DIEGO,SDGE,0.0,0.0,0.0,0.0,0.0,1.0,4.7,0.0,
NEW SWITCHYARD ON LOS ESTEROS-TRIMBLE LINE,SANTA CLARA,PGAE,0.0,0.0,0.0,0.0,0.0,1.0,150.0,0.0,
NEW SWITCHYARD TO LOOP THE ECO-MIGUEL,SAN DIEGO,SDGE,0.0,0.0,0.0,0.0,0.0,1.0,400.0,0.0,
OAKLAND C,ALAMEDA,PGAE,0.0,0.0,0.0,0.0,0.0,2.0,375.0,0.0,
NEW KEARNY SUBSTATION,FRESNO,PGAE,0.0,0.0,0.0,0.0,0.0,1.0,20.0,0.0,
NEWHALL SUBSTATION,FRESNO,PGAE,0.0,0.0,0.0,0.0,0.0,1.0,80.0,0.0,
NEENACH SUBSTATION,LOS ANGELES,SCE,0.0,0.0,0.0,0.0,0.0,4.0,138.5,0.0,
NEW IVANPAH SUBSTATION,SAN BERNARDINO,SCE,0.0,0.0,0.0,0.0,0.0,3.0,66.0,0.0,
NEW,SAN BERNARDINO,SCE,0.0,0.0,0.0,0.0,0.0,2.0,964.0,0.0,
NORTH GILA SUBSTATION,YUMA,SDGE,0.0,0.0,0.0,0.0,0.0,1.0,150.0,0.0,
NEW FAIRFIELD SUBSTATION,SOLANO,PGAE,0.0,0.0,0.0,0.0,0.0,1.0,575.0,0.0,
NEENACH-ANTELOPE,LOS ANGELES,SCE,0.0,0.0,0.0,0.0,0.0,1.0,20.0,0.0,
NEW DOUBLE CIRCUIT,SAN DIEGO,SDGE,0.0,0.0,0.0,0.0,0.0,1.0,620.0,0.0,
NICOLAUS-MARYSVILLE,YUBA,PGAE,0.0,0.0,0.0,0.0,0.0,1.0,15.0,0.0,
NEW 230/,BAJA CALIFORNIA,SDGE,0.0,0.0,0.0,0.0,0.0,1.0,400.0,0.0,
NEWARK STATION,ALAMEDA,PGAE,0.0,0.0,0.0,0.0,0.0,1.0,300.0,0.0,
NEW,FRESNO,PGAE,0.0,0.0,0.0,0.0,0.0,1.0,51.0,0.0,
NEWARK SUBSTATION,ALAMEDA,PGAE,0.0,0.0,0.0,0.0,0.0,3.0,830.0,0.0,
NORTH GILA-HASSAYAMPA,MARICOPA,SDGE,0.0,0.0,0.0,0.0,0.0,1.0,300.0,0.0,
ORO LOMA - PANOCHE,FRESNO,PGAE,0.0,0.0,0.0,0.0,0.0,1.0,0.1,0.0,
OAKLAND C SUB VIA OAKLAND C-TURBINE,ALAMEDA,PGAE,0.0,0.0,0.0,0.0,0.0,1.0,55.0,0.0,
OAKLAND C SUBSTATION,ALAMEDA,PGAE,0.0,0.0,0.0,0.0,0.0,1.0,100.0,0.0,
PALA SUBSTATION,SAN DIEGO,SDGE,0.0,0.0,0.0,0.0,0.0,0.0,0.0,99.0,0.0
PALERMO,BUTTE,PGAE,0.0,0.0,0.0,0.0,0.0,1.0,200.0,0.0,
PALO VERDE DEVERS #2 LINE,LA PAZ,SCE,0.0,0.0,0.0,0.0,0.0,1.0,250.0,0.0,
PALO VERDE DEVERS #2 LINE,MARICOPA,SCE,0.0,0.0,0.0,0.0,0.0,1.0,250.0,0.0,
PALO VERDE-DEVERS #1,MARICOPA,SCE,0.0,0.0,0.0,0.0,0.0,1.0,200.0,0.0,
PALO VERDE-DEVERS #1,YUMA,SCE,0.0,0.0,0.0,0.0,0.0,1.0,1000.0,0.0,
PALOMAR ENERGY SWITCHYARD,SAN DIEGO,SDGE,0.0,0.0,0.0,0.0,0.0,0.0,0.0,610.0,0.0
PANOCHE,FRESNO,PGAE,0.0,0.0,0.0,0.0,0.0,2.0,1048.1,427.0,2.4
PANOCHE - ORO LOMA,FRESNO,PGAE,0.0,0.0,0.0,0.0,0.0,2.0,120.0,0.0,
PANOCHE - TRANQUILITY #1,FRESNO,PGAE,0.0,0.0,0.0,0.0,0.0,1.0,250.0,0.0,
PANOCHE SUBSTATION,KINGS,PGAE,0.0,0.0,0.0,0.0,0.0,1.0,200.0,0.0,
PANOCHE-MENDOTA,FRESNO,PGAE,0.0,0.0,0.0,0.0,0.0,1.0,20.0,0.0,
PANOCHE-ORO LOMA,FRESNO,PGAE,0.0,0.0,0.0,0.0,0.0,2.0,40.0,0.0,
PANOCHE-SCHINDLER #1 & #2,FRESNO,PGAE,0.0,0.0,0.0,0.0,0.0,2.0,578.0,0.0,
PANOCHE-SCHINDLER #2,FRESNO,PGAE,0.0,0.0,0.0,0.0,0.0,2.0,63.0,0.0,
PARADISE  SUBSTATION,BUTTE,PGAE,0.0,0.0,0.0,0.0,0.0,1.0,101.2,0.0,
PARDEE-VINCENT NO1,LOS ANGELES,SCE,0.0,0.0,0.0,0.0,0.0,1.0,400.0,0.0,
PASTORIA SUBSTATION,KERN,SCE,0.0,0.0,0.0,0.0,0.0,3.0,957.0,155.2,6.2
PASTORIA-MAGUNDEN,KERN,SCE,0.0,0.0,0.0,0.0,0.0,1.0,400.0,0.0,
PATTERSON PASS,ALAMEDA,PGAE,0.0,0.0,0.0,0.0,0.0,1.0,30.0,0.0,
PEASE,SUTTER,PGAE,0.0,0.0,0.0,0.0,0.0,1.0,74.4,0.0,
PENASQUISTOS OLD TOWN,SAN DIEGO,SDGE,0.0,0.0,0.0,0.0,0.0,1.0,315.0,0.0,
PENDLETON SUB,SAN DIEGO,SDGE,0.0,0.0,0.0,0.0,0.0,1.0,99.0,0.0,
PG&E ARCO SUBSTATION,KERN,PGAE,0.0,0.0,0.0,0.0,0.0,1.0,158.1,0.0,
PG&E ARMSTRONG,KINGS,PGAE,0.0,0.0,0.0,0.0,0.0,1.0,5.0,0.0,
PG&E CORCORAN-GUERNSEY,KINGS,PGAE,0.0,0.0,0.0,0.0,0.0,1.0,20.2,0.0,
PG&E KEARNEY SUB,FRESNO,PGAE,0.0,0.0,0.0,0.0,0.0,1.0,30.6,0.0,
PALA - LILAC,SAN DIEGO,SDGE,0.0,0.0,0.0,0.0,0.0,1.0,49.0,0.0,
PALA,SAN DIEGO,SDGE,0.0,0.0,0.0,0.0,0.0,3.0,186.9,0.0,
OXBOW,CHURCHILL,SCE,0.0,0.0,0.0,0.0,0.0,1.0,90.0,0.0,
OLIVE SWITCH STATION - SMYRNA,TULARE,PGAE,0.0,0.0,0.0,0.0,0.0,1.0,150.0,0.0,
OAKLAND J,ALAMEDA,PGAE,0.0,0.0,0.0,0.0,0.0,1.0,153.0,0.0,
OAKLAND J - GRANT,ALAMEDA,PGAE,0.0,0.0,0.0,0.0,0.0,1.0,150.0,0.0,
OAKLAND J-GRANT,ALAMEDA,PGAE,0.0,0.0,0.0,0.0,0.0,1.0,100.0,0.0,
OAKLAND STATION C,ALAMEDA,PGAE,0.0,0.0,0.0,0.0,0.0,1.0,40.0,0.0,
OASIS-TORTOISE,LOS ANGELES,SCE,0.0,0.0,0.0,0.0,0.0,1.0,100.0,0.0,
OCEAN RANCH SUBSTATION,SAN DIEGO,SDGE,0.0,0.0,0.0,0.0,0.0,3.0,241.1,0.0,
OCEANSIDE TAP - STUART TAP,SAN DIEGO,SDGE,0.0,0.0,0.0,0.0,0.0,1.0,200.0,0.0,
OLD RIVER - KERN #1,KERN,PGAE,0.0,0.0,0.0,0.0,0.0,1.0,5.0,0.0,
OLD RIVER SUBSTATION,KERN,PGAE,0.0,0.0,0.0,0.0,0.0,1.0,100.0,0.0,
OLIVE,TULARE,PGAE,0.0,0.0,0.0,0.0,0.0,1.0,160.0,40.0,4.0
OLIVE SUBSTATION,TULARE,PGAE,0.0,0.0,0.0,0.0,0.0,2.0,240.0,0.0,
OLIVE SW STATION-SMYRNA,KERN,PGAE,0.0,0.0,0.0,0.0,0.0,1.0,50.0,0.0,
OLIVE SWITCHING STATION,TULARE,PGAE,0.0,0.0,0.0,0.0,0.0,1.0,10.0,0.0,
OTAY SUBSTATION,SAN DIEGO,SDGE,0.0,0.0,0.0,0.0,0.0,1.0,20.0,52.5,0.4
OLIVE SWITCHING STATION - SMYNRA,TULARE,PGAE,0.0,0.0,0.0,0.0,0.0,1.0,20.0,0.0,
OLIVE SWITCHING SUBSTATION,TULARE,PGAE,0.0,0.0,0.0,0.0,0.0,1.0,100.0,0.0,
OMEC INTERCONNECTION SUBSTATION,SAN DIEGO,SDGE,0.0,0.0,0.0,0.0,0.0,1.0,400.0,0.0,
ORO LOMA,MERCED,PGAE,0.0,0.0,0.0,0.0,0.0,1.0,20.0,0.0,
ORO LOMA-CANAL,MERCED,PGAE,0.0,0.0,0.0,0.0,0.0,1.0,20.0,0.0,
ORO LOMA-EL NIDO,FRESNO,PGAE,0.0,0.0,0.0,0.0,0.0,1.0,20.0,0.0,
ORO LOMA-MENDOTA,FRESNO,PGAE,0.0,0.0,0.0,0.0,0.0,1.0,20.0,0.0,
OTAY MESA,SAN DIEGO,SDGE,0.0,0.0,0.0,0.0,0.0,1.0,315.0,0.0,
OTAY MESA ENERGY CENTER,SAN DIEGO,SDGE,0.0,0.0,0.0,0.0,0.0,2.0,428.8,0.0,
OTAY MESA ENERGY CENTER SUBSTATION,SAN DIEGO,SDGE,0.0,0.0,0.0,0.0,0.0,1.0,190.0,0.0,
OTAY MESA SUBSTATION,SAN DIEGO,SDGE,0.0,0.0,0.0,0.0,0.0,6.0,762.6,0.0,
OTAY MESA SWITCHYARD,USA,SDGE,0.0,0.0,0.0,0.0,0.0,0.0,0.0,18.0,0.0
MUSTANG SWITCHING STATION,FRESNO,PGAE,0.0,0.0,0.0,0.0,0.0,2.0,300.0,0.0,
MOHAVE SWITCHYARD,LA PAZ,SCE,0.0,0.0,0.0,0.0,0.0,1.0,250.0,0.0,
MOUNTAIN PASS SUBSTATION,SAN BERNARDINO,SCE,0.0,0.0,0.0,0.0,0.0,0.0,0.0,300.0,0.0
MELONES-CURTIS,TUOLUMNE,PGAE,0.0,0.0,0.0,0.0,0.0,0.0,0.0,10.0,0.0
MENDOTA DAIRYLAND,FRESNO,PGAE,0.0,0.0,0.0,0.0,0.0,1.0,200.0,0.0,
MENDOTA BIOMASS TAP LINE,FRESNO,PGAE,0.0,0.0,0.0,0.0,0.0,1.0,1.2,0.0,
MENDOTA BIOMASS SUBSTATION,FRESNO,PGAE,0.0,0.0,0.0,0.0,0.0,1.0,30.0,0.0,
MENDOTA - SAN JOAQUIN - HELM,FRESNO,PGAE,0.0,0.0,0.0,0.0,0.0,1.0,20.0,0.0,
MENDOTA,FRESNO,PGAE,0.0,0.0,0.0,0.0,0.0,3.0,328.0,0.0,
MELROSE SUBSTATION,SAN DIEGO,SDGE,0.0,0.0,0.0,0.0,0.0,0.0,0.0,40.0,0.0
MEAD-ELDORADO,CLARK,SCE,0.0,0.0,0.0,0.0,0.0,1.0,242.0,0.0,
MENDOTA-DAIRYLAND,FRESNO,PGAE,0.0,0.0,0.0,0.0,0.0,1.0,200.0,0.0,
MCCALL-KINGSBURG #1 & #2,FRESNO,PGAE,0.0,0.0,0.0,0.0,0.0,1.0,337.5,0.0,
MCCALL SUBSTATION,TBD,PGAE,0.0,0.0,0.0,0.0,0.0,1.0,750.0,0.0,
MCCALL SUBSTATION,FRESNO,PGAE,0.0,0.0,0.0,0.0,0.0,2.0,900.0,0.0,
MARTIN SUBSTATION,SAN MATEO,PGAE,0.0,0.0,0.0,0.0,0.0,1.0,412.0,0.0,
MARIPOSA ENERGY CENTER,CONTRA COSTA,PGAE,0.0,0.0,0.0,0.0,0.0,1.0,34.1,0.0,
MARICOPA-COPUS,KERN,PGAE,0.0,0.0,0.0,0.0,0.0,2.0,40.0,0.0,
MENDOTA SUB,FRESNO,PGAE,0.0,0.0,0.0,0.0,0.0,4.0,115.1,0.0,
MENDOTA-SAN JOAQUIN-HELM,FRESNO,PGAE,0.0,0.0,0.0,0.0,0.0,4.0,289.3,5.0,57.9
MIDPOINT SUBSTATION,RIVERSIDE,SCE,0.0,0.0,0.0,0.0,0.0,8.0,2879.0,0.0,
MERCY SPRINGS SUBSTATION,FRESNO/MERCED,PGAE,0.0,0.0,0.0,0.0,0.0,1.0,40.2,0.0,
MESA-DIVIDE #1,SANTA BARBARA,PGAE,0.0,0.0,0.0,0.0,0.0,1.0,105.0,0.0,
MESA SUBSTATION,SAN LUIS OBISPO,PGAE,0.0,0.0,0.0,0.0,0.0,3.0,700.0,0.0,
MESA SUBSTATION,LOS ANGELES,SCE,0.0,0.0,0.0,0.0,0.0,1.0,250.0,0.0,
MESA HEIGHTS SUBSTATION,SAN DIEGO,SDGE,0.0,0.0,0.0,0.0,0.0,1.0,50.0,0.0,
MESA,SAN LUIS OBISPO,PGAE,0.0,0.0,0.0,0.0,0.0,1.0,100.0,99.7,1.0
MERCY SPRINGS SUBSTATION,KINGS,PGAE,0.0,0.0,0.0,0.0,0.0,0.0,0.0,20.0,0.0
MERCY SPRINGS ORO LOMA,MERCED,PGAE,0.0,0.0,0.0,0.0,0.0,1.0,20.0,0.0,
MENDOTA-SAN JOAQUIN-HELM 69K,FRESNO,PGAE,0.0,0.0,0.0,0.0,0.0,1.0,0.1,0.0,
MERCY SPRINGS,FRESNO/MERCED,PGAE,0.0,0.0,0.0,0.0,0.0,1.0,100.0,0.0,
MERCHANT SWITCHYARD,CLARK,SDGE,0.0,0.0,0.0,0.0,0.0,0.0,0.0,247.0,0.0
MERCED-MADERA,FRESNO,PGAE,0.0,0.0,0.0,0.0,0.0,1.0,20.0,0.0,
MERCED SUBSTATION,MERCED,PGAE,0.0,0.0,0.0,0.0,0.0,1.0,20.0,0.0,
MERCED #1,MERCED,PGAE,0.0,0.0,0.0,0.0,0.0,2.0,40.0,11.0,3.6
MERCED #1,MADERA,PGAE,0.0,0.0,0.0,0.0,0.0,1.0,15.0,0.0,
MARICOPA SUBSTATION,KERN,PGAE,0.0,0.0,0.0,0.0,0.0,1.0,20.0,0.0,
MARGARITA,ORANGE,SDGE,0.0,0.0,0.0,0.0,0.0,1.0,49.9,0.0,
MANDALAY-SANTA CLARA,VENTURA,SCE,0.0,0.0,0.0,0.0,0.0,1.0,100.0,0.0,
LOS BANOS-O'NEIL PGP,MERCED,PGAE,0.0,0.0,0.0,0.0,0.0,1.0,26.5,0.0,
LOS ESTEROS SUBSTATION,SAN CLARA,PGAE,0.0,0.0,0.0,0.0,0.0,1.0,500.0,0.0,
LOS COCHES SUBSTATION,SAN DIEGO,SDGE,0.0,0.0,0.0,0.0,0.0,1.0,100.0,0.0,
LOS BANOS-WESTLY,MERCED,PGAE,0.0,0.0,0.0,0.0,0.0,1.0,150.0,0.0,
LOS BANOS-WESTLEY,MERCED,PGAE,0.0,0.0,0.0,0.0,0.0,0.0,0.0,110.0,0.0
LOS BANOS-SAN LUIS PGP #1,FRESNO,PGAE,0.0,0.0,0.0,0.0,0.0,1.0,149.5,0.0,
LOS BANOS-PACHECO,MERCED,PGAE,0.0,0.0,0.0,0.0,0.0,1.0,117.4,0.0,
LOS BANOS-LIVINGSTON-CANAL,MERCED,PGAE,0.0,0.0,0.0,0.0,0.0,1.0,100.0,0.0,
MALAGA,FRESNO,PGAE,0.0,0.0,0.0,0.0,0.0,2.0,94.8,0.0,
LOS BANOS-GATES #1,FRESNO,PGAE,0.0,0.0,0.0,0.0,0.0,1.0,1500.0,0.0,
LOS BANOS-DOS AMIGOS,MERCED,PGAE,0.0,0.0,0.0,0.0,0.0,1.0,100.0,0.0,
LOS BANOS SUBSTATION,MERCED,PGAE,0.0,0.0,0.0,0.0,0.0,4.0,810.1,0.0,
LOS BANOS - GATES #3,FRESNO,PGAE,0.0,0.0,0.0,0.0,0.0,1.0,1000.0,0.0,
LOS BANOS - GATES #1,FRESNO,PGAE,0.0,0.0,0.0,0.0,0.0,1.0,1700.0,0.0,
LOOP VACA DIXON-PEABODY & VACA DIXON-LAMBIE,SOLANO,PGAE,0.0,0.0,0.0,0.0,0.0,1.0,630.0,0.0,
LOS ESTEROS SUBSTATION,SANTA CLARA,PGAE,0.0,0.0,0.0,0.0,0.0,3.0,520.0,0.0,
LOVELAND - ALPINE,SAN DIEGO,SDGE,0.0,0.0,0.0,0.0,0.0,1.0,100.0,0.0,
LUGO,SAN BERNARDINO,SCE,0.0,0.0,0.0,0.0,0.0,2.0,500.0,0.0,
LUGO-ELDORADO,SAN BERNARDINO,SCE,0.0,0.0,0.0,0.0,0.0,1.0,290.0,0.0,
LUGO-MOHAVE,SAN BERNARDINO,SCE,0.0,0.0,0.0,0.0,0.0,2.0,445.0,0.0,
LUGO-MOJAVE,SAN BERNARDINO,SCE,0.0,0.0,0.0,0.0,0.0,2.0,1500.0,0.0,
LUGO-PISGAH,SAN BERNARDINO,SCE,0.0,0.0,0.0,0.0,0.0,7.0,1211.0,0.0,
LUGO-PISGAH LINE,SAN BERNARDINO,SCE,0.0,0.0,0.0,0.0,0.0,1.0,500.0,0.0,
LUGO-PISGAH NO. 2,SAN BERNARDINO,SCE,0.0,0.0,0.0,0.0,0.0,1.0,60.0,0.0,
LUGO-VINCENT,LOS ANGELES,SCE,0.0,0.0,0.0,0.0,0.0,1.0,387.0,0.0,
MABURY TAP,SANTA CLARA,PGAE,0.0,0.0,0.0,0.0,0.0,1.0,100.0,0.0,
MADISON,YOLO,PGAE,0.0,0.0,0.0,0.0,0.0,1.0,158.4,0.0,
MAGUNDEN,KERN,PGAE,0.0,0.0,0.0,0.0,0.0,1.0,206.0,0.0,
MAGUNDEN,KERN,SCE,0.0,0.0,0.0,0.0,0.0,1.0,60.0,0.0,
MAGUNDEN-PASTORIA,KERN,SCE,0.0,0.0,0.0,0.0,0.0,1.0,200.0,0.0,
MAGUNDEN-SPRINGVILLE #1,TULARE,SCE,0.0,0.0,0.0,0.0,0.0,1.0,200.0,0.0,
MAGUNDEN-VESTAL #1,KERN,SCE,0.0,0.0,0.0,0.0,0.0,1.0,100.0,0.0,
METCALF SUBSTATION,SANTA CLARA,PGAE,0.0,0.0,0.0,0.0,0.0,1.0,250.0,0.0,
MIDSUN-MIDWAY,KERN,PGAE,0.0,0.0,0.0,0.0,0.0,1.0,11.2,0.0,
MOUNTAIN PASS,SAN BERNARDINO,SCE,0.0,0.0,0.0,0.0,0.0,1.0,50.0,0.0,
MOJAVE,SAN BERNARDINO,SCE,0.0,0.0,0.0,0.0,0.0,1.0,1200.0,0.0,
MORAGA,CONTRA COSTA,PGAE,0.0,0.0,0.0,0.0,0.0,1.0,300.0,0.0,
MONTE RIO-FULTON,SONOMA,PGAE,0.0,0.0,0.0,0.0,0.0,1.0,16.0,0.0,
MONTA VISTA,SANTA CLARA,PGAE,0.0,0.0,0.0,0.0,0.0,1.0,500.0,0.0,
MONOLITH SUBSTATION,KERN,SCE,0.0,0.0,0.0,0.0,0.0,3.0,521.0,0.0,
MOLINO SUBSTATION,SONOMA,PGAE,0.0,0.0,0.0,0.0,0.0,1.0,10.0,0.0,
MOJAVE GENERATING STATION,SAN BERNARDINO,SCE,0.0,0.0,0.0,0.0,0.0,1.0,240.0,0.0,
MOHAVE-LUGO,CLARK,SCE,0.0,0.0,0.0,0.0,0.0,2.0,500.0,0.0,
MORRO BAY,SAN LUIS OBISPO,PGAE,0.0,0.0,0.0,0.0,0.0,3.0,1506.1,0.0,
MOHAVE-ELDORADO,CLARK,SCE,0.0,0.0,0.0,0.0,0.0,2.0,600.0,0.0,
MOHAVE SWITCHYARD,SAN BERNARDINO,SCE,0.0,0.0,0.0,0.0,0.0,2.0,750.0,0.0,
MOHAVE SWITCHYARD,MOHAVE,SCE,0.0,0.0,0.0,0.0,0.0,1.0,514.8,0.0,
PG&E MARTIN SUBSTATION,SAN MATEO,PGAE,0.0,0.0,0.0,0.0,0.0,1.0,20.2,0.0,
MOHAVE SWITCHYARD,CLARK,SCE,0.0,0.0,0.0,0.0,0.0,1.0,250.0,0.0,
MOHAVE GENERATING STATION,SAN BERNARDINO,SCE,0.0,0.0,0.0,0.0,0.0,1.0,565.0,0.0,
MORGAN HILL SUBSTATION,SANTA CLARA,PGAE,0.0,0.0,0.0,0.0,0.0,1.0,30.0,0.0,
MORRO BAY - MIDWAY,KERN,PGAE,0.0,0.0,0.0,0.0,0.0,1.0,300.0,0.0,
MIDWAY - VINCENT #1 & #2,KERN,SCE,0.0,0.0,0.0,0.0,0.0,1.0,500.0,0.0,
MORROW BAY-GATES,KINGS,PGAE,0.0,0.0,0.0,0.0,0.0,1.0,150.0,0.0,
MOSS-PANOCHE AND COBURN-PANOCHE,SAN BENITO,PGAE,0.0,0.0,0.0,0.0,0.0,0.0,0.0,140.0,0.0
MOSS-LINDING-SALINAS-SOLEDAD,MONTEREY,PGAE,0.0,0.0,0.0,0.0,0.0,1.0,105.0,0.0,
MOSS LANDING-PANOCHE #2 & COBURN-PANOCHE #2,SAN BENITO,PGAE,0.0,0.0,0.0,0.0,0.0,1.0,400.0,0.0,
MOSS LANDING-PANOCHE #2,SAN BENITO,PGAE,0.0,0.0,0.0,0.0,0.0,1.0,20.0,0.0,
MOSS LANDING SUBSTATION,MONTEREY,PGAE,0.0,0.0,0.0,0.0,0.0,0.0,0.0,932.5,0.0
MOSS LANDING - METCALF,SANTA CLARA,PGAE,0.0,0.0,0.0,0.0,0.0,1.0,414.0,0.0,
MORROW BAY - MIDWAY #1 & #2,KERN,PGAE,0.0,0.0,0.0,0.0,0.0,1.0,100.0,0.0,
MORRO BAY PP,SAN LUIS OBISPO,PGAE,0.0,0.0,0.0,0.0,0.0,1.0,650.0,0.0,
MORRO-GATES,MONTEREY,PGAE,0.0,0.0,0.0,0.0,0.0,0.0,0.0,280.0,0.0
MORRO BAY-MIDWAY #2,SAN LUIS OBISPO,PGAE,0.0,0.0,0.0,0.0,0.0,1.0,375.0,0.0,
MORRO BAY-MIDWAY #1 & #2 LINES,SAN LUIS OBISPO,PGAE,0.0,0.0,0.0,0.0,0.0,0.0,0.0,190.0,0.0
MORRO BAY-MIDWAY,SAN LUIS OBISPO,PGAE,0.0,0.0,0.0,0.0,0.0,0.0,0.0,150.0,0.0
MORRO BAY SUBSTATION,SAN LUIS OBISPO,PGAE,0.0,0.0,0.0,0.0,0.0,4.0,2564.3,0.0,
MORRO BAY SOLAR SW STA #2,SAN LUIS OBISPO,PGAE,0.0,0.0,0.0,0.0,0.0,1.0,200.0,0.0,
MOHAVE GENERATING STATION,MOHAVE,SCE,0.0,0.0,0.0,0.0,0.0,1.0,310.0,0.0,
MOHAVE,SAN BERNARDINO,SCE,0.0,0.0,0.0,0.0,0.0,1.0,635.0,0.0,
MISSION-SAN LUIS REY,SAN DIEGO,SDGE,0.0,0.0,0.0,0.0,0.0,1.0,508.0,0.0,
MIDWAY-DIABLO CANYON #2,SAN LUIS OBISPO,PGAE,0.0,0.0,0.0,0.0,0.0,1.0,1500.0,0.0,
MIDWAY-TUPMAN-RIO BRAVO-RENFRO,KERN,PGAE,0.0,0.0,0.0,0.0,0.0,2.0,155.0,0.0,
MIDWAY-TAFT,KERN,PGAE,0.0,0.0,0.0,0.0,0.0,1.0,27.0,0.0,
MIDWAY-MORROW BAY,SAN LUIS OBISPO,PGAE,0.0,0.0,0.0,0.0,0.0,0.0,0.0,210.0,0.0
MIDWAY-MORRO BAY,SAN LUIS OBISPO,PGAE,0.0,0.0,0.0,0.0,0.0,0.0,0.0,250.0,0.0
MIDWAY-MIDSUN,KERN,PGAE,0.0,0.0,0.0,0.0,0.0,1.0,47.8,0.0,
MIDWAY-GATES & ARCO-GATES,KINGS,PGAE,0.0,0.0,0.0,0.0,0.0,1.0,250.0,0.0,
MIDWAY- WHEELER RIDGE,KERN,PGAE,0.0,0.0,0.0,0.0,0.0,1.0,150.0,0.0,
MISSION-CARLTON HILLS,SAN DIEGO,SDGE,0.0,0.0,0.0,0.0,0.0,1.0,100.0,0.0,
MIDWAY- GATES,FRESNO,PGAE,0.0,0.0,0.0,0.0,0.0,1.0,307.6,0.0,
MIDWAY SUNSET VIA MIDWAY-SUNSET GEN-TIE,KERN,PGAE,0.0,0.0,0.0,0.0,0.0,1.0,100.0,0.0,
MIDWAY SUBSTATION VIA MIDWAY-SUNSET GEN-TIE,KERN,PGAE,0.0,0.0,0.0,0.0,0.0,1.0,100.0,0.0,
MIDWAY SUBSTATION,KERN,PGAE,0.0,0.0,0.0,0.0,0.0,9.0,2207.1,0.0,
MIDWAY - WHEELER RIDGE #1 AND #2,KERN,PGAE,0.0,0.0,0.0,0.0,0.0,1.0,150.0,0.0,
MIDWAY - WHEELER RIDGE #1 & #2,KERN,PGAE,0.0,0.0,0.0,0.0,0.0,2.0,1230.0,0.0,
MIDWAY-WHEELER RIDGE,KERN,PGAE,0.0,0.0,0.0,0.0,0.0,5.0,1638.0,0.0,
MIDWAY-WHEELER RIDGE #1,KERN,PGAE,0.0,0.0,0.0,0.0,0.0,1.0,137.8,0.0,
MIDWAY-WHEELER RIDGE #1 AND #2,KERN,PGAE,0.0,0.0,0.0,0.0,0.0,1.0,400.0,0.0,
MIDWAY-WHEELER RIDGE #2,MARICOPA,PGAE,0.0,0.0,0.0,0.0,0.0,1.0,200.0,0.0,
MIGUEL,ENSENADA/MEXICALI/TECATE,SDGE,0.0,0.0,0.0,0.0,0.0,1.0,500.0,0.0,
MIGUEL,SAN DIEGO,SDGE,0.0,0.0,0.0,0.0,0.0,1.0,5.0,0.0,
MIGUEL SUBSTATION,SAN DIEGO,SDGE,0.0,0.0,0.0,0.0,0.0,3.0,230.0,0.0,
MILLBRAE,SAN MATEO,PGAE,0.0,0.0,0.0,0.0,0.0,1.0,41.1,0.0,
MILLER #1,STANISLAUS,PGAE,0.0,0.0,0.0,0.0,0.0,1.0,40.0,40.0,1.0
MIRA LOMA - CHINO 230 #1,SAN BERNARDINO,SCE,0.0,0.0,0.0,0.0,0.0,1.0,550.0,0.0,
MIRA LOMA SUBSTATION,RIVERSIDE,SCE,0.0,0.0,0.0,0.0,0.0,2.0,600.0,0.0,
MIRA LOMA-WALNUT,SAN BERNARDINO,SCE,0.0,0.0,0.0,0.0,0.0,1.0,100.0,0.0,
MIRAGE SUBSTATION,RIVERSIDE,SCE,0.0,0.0,0.0,0.0,0.0,2.0,650.0,0.0,
MIRAMAR GT SUBSTATION,SAN DIEGO,SDGE,0.0,0.0,0.0,0.0,0.0,0.0,0.0,79.0,0.0
MIRAMAR GT SWITCHYARD,SAN DIEGO,SDGE,0.0,0.0,0.0,0.0,0.0,1.0,10.0,0.0,
MIRAMAR-SCRIPPS,SAN DIEGO,SDGE,0.0,0.0,0.0,0.0,0.0,1.0,75.0,0.0,
MISSION SUBSTATION,SAN FRANCISCO,PGAE,0.0,0.0,0.0,0.0,0.0,1.0,50.0,0.0,
PG&E KERN OIL-VEDDER,KERN,PGAE,0.0,0.0,0.0,0.0,0.0,1.0,100.0,0.0,
,CONTRA COSTA,PGAE,0.0,0.0,0.0,0.0,0.0,2.0,47.2,0.0,
PG&E MIDWAY WHEELER RIDGE,KERN,PGAE,0.0,0.0,0.0,0.0,0.0,1.0,157.7,0.0,
TRACY-HERDLYN,ALAMEDA,PGAE,0.0,0.0,0.0,0.0,0.0,1.0,2.0,0.0,
TRABUCO SUBSTATION,ORANGE,SDGE,0.0,0.0,0.0,0.0,0.0,1.0,300.0,0.0,
TRABUCO - CAPISTRANO,ORANGE,SDGE,0.0,0.0,0.0,0.0,0.0,1.0,250.0,0.0,
TORTILLA-KRAMER,SAN BERNARDINO,SCE,0.0,0.0,0.0,0.0,0.0,1.0,149.4,0.0,
TORTILLA SUBSTATION,SAN BERNARDINO,SCE,0.0,0.0,0.0,0.0,0.0,1.0,60.0,0.0,
THOUSANDAIRE SUBSTATION,NYE,VEA,0.0,0.0,0.0,0.0,0.0,1.0,20.0,0.0,
TESLA-WESTLEY,STANISLAUS,PGAE,0.0,0.0,0.0,0.0,0.0,1.0,240.0,0.0,
TESLA-WESTLEY,SAN JOAQUIN,PGAE,0.0,0.0,0.0,0.0,0.0,1.0,371.3,0.0,
TESLA-WEBER,SAN JOAQUIN,PGAE,0.0,0.0,0.0,0.0,0.0,1.0,240.0,0.0,
TESLA-TRACY #1,SAN JOAQUIN,PGAE,0.0,0.0,0.0,0.0,0.0,1.0,600.0,0.0,
TESLA-TRACY #1,CONTRA COSTA,PGAE,0.0,0.0,0.0,0.0,0.0,2.0,1161.0,0.0,
TESLA-TRACY,SAN JOAQUIN,PGAE,0.0,0.0,0.0,0.0,0.0,1.0,20.0,0.0,
TESLA-STAGG,SAN JOAQUIN,PGAE,0.0,0.0,0.0,0.0,0.0,1.0,240.0,0.0,
TESLA-BELOTA,SAN JOAQUIN,PGAE,0.0,0.0,0.0,0.0,0.0,1.0,200.0,0.0,
TESLA-BELLOTA,SAN JOAQUIN,PGAE,0.0,0.0,0.0,0.0,0.0,3.0,743.7,0.0,
TESLA TO DELTA SWITCHING YARD AT THE ALTAMONT-MIDWAY SUBSTATION,ALAMEDA,PGAE,0.0,0.0,0.0,0.0,0.0,1.0,52.5,0.0,
TRACY SUBSTATION,ALAMEDA,PGAE,0.0,0.0,0.0,0.0,0.0,1.0,600.0,0.0,
TRACY-TESLA,SAN JOAQUIN,PGAE,0.0,0.0,0.0,0.0,0.0,1.0,15.0,0.0,
SUNCREST SUBSTATION,SAN DIEGO,SDGE,0.0,0.0,0.0,0.0,0.0,2.0,600.0,0.0,
TRANQUILITY KEARNY,FRESNO,PGAE,0.0,0.0,0.0,0.0,0.0,1.0,152.2,0.0,
VACA-DIXON SUBSTATION,SOLANO,PGAE,0.0,0.0,0.0,0.0,0.0,1.0,900.0,0.0,
VACA-BAHIA,NAPA,PGAE,0.0,0.0,0.0,0.0,0.0,1.0,301.0,0.0,
VACA - DIXON SUB,SOLANO,PGAE,0.0,0.0,0.0,0.0,0.0,1.0,80.0,0.0,
UKIAH SUBSTATION,MENDOCINO,PGAE,0.0,0.0,0.0,0.0,0.0,1.0,115.0,0.0,
TWL SERIES COMPENSATION STATION,LA PAZ,DCRT,0.0,0.0,0.0,0.0,0.0,1.0,350.0,0.0,
TUPMAN SUBSTATION,KERN,PGAE,0.0,0.0,0.0,0.0,0.0,1.0,120.0,0.0,
TULLOCH,TUOLUMNE,PGAE,0.0,0.0,0.0,0.0,0.0,0.0,0.0,7.2,0.0
TULARE LAKE - ARCO,KINGS,PGAE,0.0,0.0,0.0,0.0,0.0,1.0,25.0,0.0,
TULARE HENRIETTA,KINGS,PGAE,0.0,0.0,0.0,0.0,0.0,1.0,10.0,0.0,
TRINITY-COTTONWOOD,SHASTA/TRINITY,PGAE,0.0,0.0,0.0,0.0,0.0,1.0,102.0,0.0,
TRIMBLE SUBSTATION,SANTA CLARA,PGAE,0.0,0.0,0.0,0.0,0.0,1.0,100.0,0.0,
TRANQUILLITY SWITCHYARD,FRESNO,PGAE,0.0,0.0,0.0,0.0,0.0,0.0,0.0,200.0,0.0
TRANQUILLITY SS,FRESNO,PGAE,0.0,0.0,0.0,0.0,0.0,1.0,500.0,0.0,
TRANQUILITY SWITCHING STATION,FRESNO,PGAE,0.0,0.0,0.0,0.0,0.0,3.0,1592.5,0.0,
TRANQUILITY SUBSTATION,FRESNO,PGAE,0.0,0.0,0.0,0.0,0.0,1.0,19.9,0.0,
TESLA SUBSTATION,SAN JOAQUIN,PGAE,0.0,0.0,0.0,0.0,0.0,4.0,1154.9,0.0,
TESLA SUBSTATION,ALAMEDA,PGAE,0.0,0.0,0.0,0.0,0.0,3.0,480.0,0.0,
TESLA SUB,SAN JOAQUIN,PGAE,0.0,0.0,0.0,0.0,0.0,1.0,1156.0,0.0,
TESLA SUB,ALAMEDA,PGAE,0.0,0.0,0.0,0.0,0.0,0.0,0.0,36.0,0.0
TALEGA SUBSTATION,SAN DIEGO,SDGE,0.0,0.0,0.0,0.0,0.0,1.0,400.0,0.0,
TALEGA SUBSTATION,ORANGE,SDGE,0.0,0.0,0.0,0.0,0.0,1.0,200.0,0.0,
TALEGA SAN MATEO,ORANGE,SDGE,0.0,0.0,0.0,0.0,0.0,1.0,49.0,0.0,
TAFT-ELK HILLS,KERN,PGAE,0.0,0.0,0.0,0.0,0.0,1.0,10.0,0.0,
TAFT-CUYAMA#1,SANTA BARBARA,PGAE,0.0,0.0,0.0,0.0,0.0,1.0,20.0,0.0,
TABLE MTN.-BUTTE #2,BUTTE,PGAE,0.0,0.0,0.0,0.0,0.0,1.0,20.2,0.0,
TABLE MTN-RIO OSO,YUBA,PGAE,0.0,0.0,0.0,0.0,0.0,1.0,250.0,0.0,
TABLE MTN-RIO OSO,BUTTE,PGAE,0.0,0.0,0.0,0.0,0.0,1.0,60.0,0.0,
TABLE MOUNTAIN-TESLA,SUTTER,PGAE,0.0,0.0,0.0,0.0,0.0,2.0,1200.0,0.0,
TABLE MOUNTAIN-RIO OSO,YUBA,PGAE,0.0,0.0,0.0,0.0,0.0,1.0,310.0,0.0,
TABLE MOUNTAIN SUBSTATION,BUTTE,PGAE,0.0,0.0,0.0,0.0,0.0,1.0,85.0,0.0,
TABLE MOUNTAIN,BUTTE,PGAE,0.0,0.0,0.0,0.0,0.0,2.0,425.0,0.0,
SYMRNA-SEMITROPIC-MIDWAY,KERN,PGAE,0.0,0.0,0.0,0.0,0.0,1.0,100.0,0.0,
SYLMAR-GOULD LINE,LOS ANGELES,SCE,0.0,0.0,0.0,0.0,0.0,1.0,162.9,0.0,
SYCAMORE CANYON SUBSTATION,SAN DIEGO,SDGE,0.0,0.0,0.0,0.0,0.0,4.0,2000.0,300.0,6.7
TALEGA-ESCONDIDO,SAN DIEGO,SDGE,0.0,0.0,0.0,0.0,0.0,2.0,1045.4,0.0,
TAP COTTONWOOD-LOGAN CREEK-VACA DIXON,GLENN,PGAE,0.0,0.0,0.0,0.0,0.0,1.0,49.0,0.0,
TAP HELM-VALLEY NITROGEN,FRESNO,PGAE,0.0,0.0,0.0,0.0,0.0,1.0,49.0,0.0,
TEMBLOR-KING ELLIS,KERN,PGAE,0.0,0.0,0.0,0.0,0.0,1.0,10.0,0.0,
TESLA - WESTLEY,ALAMEDA,PGAE,0.0,0.0,0.0,0.0,0.0,1.0,299.0,0.0,
TESLA - STOCKTON CO-GEN JCT,SAN JOAQUIN,PGAE,0.0,0.0,0.0,0.0,0.0,1.0,11.0,0.0,
TESLA - MILLER,STANISLAUS,PGAE,0.0,0.0,0.0,0.0,0.0,1.0,75.0,0.0,
TESLA - KESLO,ALAMEDA,PGAE,0.0,0.0,0.0,0.0,0.0,1.0,50.0,0.0,
TEMPLETON SUBSTATION,TBD,PGAE,0.0,0.0,0.0,0.0,0.0,1.0,500.0,0.0,
TEMBLOR-SAN LUIS OBISPO,SAN LUIS OBISPO,PGAE,0.0,0.0,0.0,0.0,0.0,1.0,45.0,0.0,
TEMBLOR-KERNRIDGE,KERN,PGAE,0.0,0.0,0.0,0.0,0.0,1.0,80.0,0.0,
TAP OF CHEVRON,KERN,PGAE,0.0,0.0,0.0,0.0,0.0,1.0,16.0,0.0,
TEMBLOR - SAN LUIS OBISPO,SAN LUIS OBISPO,PGAE,0.0,0.0,0.0,0.0,0.0,1.0,150.0,0.0,
TELEGA - ESCONDIDO,SAN DIEGO,SDGE,0.0,0.0,0.0,0.0,0.0,1.0,49.0,0.0,
TBD BAKERSFIELD,KERN,SCE,0.0,0.0,0.0,0.0,0.0,1.0,300.0,0.0,
TASSAJARA - NEWARK,ALAMEDA,PGAE,0.0,0.0,0.0,0.0,0.0,1.0,500.0,0.0,
TAP VACA-RIO OSO,YOLO,PGAE,0.0,0.0,0.0,0.0,0.0,1.0,49.0,0.0,
TAP ON MARICOPA-COPUS LINE,KERN,PGAE,0.0,0.0,0.0,0.0,0.0,1.0,76.1,0.0,
VACA-LAKEVILLE #1,NAPA,PGAE,0.0,0.0,0.0,0.0,0.0,1.0,250.0,0.0,
VACA-TESLA,SOLANO,PGAE,0.0,0.0,0.0,0.0,0.0,1.0,500.0,0.0,
VACA-VACAVILLE-JAMESON-NORTH TOWER,SOLANO,PGAE,0.0,0.0,0.0,0.0,0.0,2.0,115.0,0.0,
WEEDPATCH - SAN BERNARD,KERN,PGAE,0.0,0.0,0.0,0.0,0.0,0.0,0.0,20.0,0.0
WHIRLWIND,KERN,SCE,0.0,0.0,0.0,0.0,0.0,5.0,710.6,189.0,3.8
WHEELER RIDGE-TEJON,KERN,PGAE,0.0,0.0,0.0,0.0,0.0,1.0,98.0,0.0,
WHEELER RIDGE-MIDWAY,KERN,PGAE,0.0,0.0,0.0,0.0,0.0,1.0,180.5,0.0,
WHEELER RIDGE-LAMONT,KERN,PGAE,0.0,0.0,0.0,0.0,0.0,0.0,0.0,80.0,0.0
WHEELER RIDGE-LAKEVIEW,KERN,PGAE,0.0,0.0,0.0,0.0,0.0,1.0,20.0,0.0,
WHEELER RIDGE SUB,KERN,PGAE,0.0,0.0,0.0,0.0,0.0,1.0,20.0,0.0,
WHEATON SUBSTATION,SAN BERNARDINO,SCE,0.0,0.0,0.0,0.0,0.0,1.0,63.0,0.0,
WESTWOOD SUBSTATION,LASSEN,PGAE,0.0,0.0,0.0,0.0,0.0,1.0,51.0,0.0,
WESTWOOD,LASSEN,PGAE,0.0,0.0,0.0,0.0,0.0,1.0,46.0,0.0,
WESTPARK-MAGUNDEN,KERN,PGAE,0.0,0.0,0.0,0.0,0.0,1.0,20.0,0.0,
WESTLEY-QUINTO,STANISLAUS,PGAE,0.0,0.0,0.0,0.0,0.0,1.0,300.0,0.0,
WESTLANDS,FRESNO,PGAE,0.0,0.0,0.0,0.0,0.0,1.0,20.0,0.0,
WESTFIELD SUB,KERN,PGAE,0.0,0.0,0.0,0.0,0.0,1.0,20.0,0.0,
WEST FRESNO SUBSTATION,FRESNO,PGAE,0.0,0.0,0.0,0.0,0.0,1.0,175.0,0.0,
WESIX,FRESNO,PGAE,0.0,0.0,0.0,0.0,0.0,0.0,0.0,19.0,0.0
WHIRLWIND - WINDHUB,KERN,SCE,0.0,0.0,0.0,0.0,0.0,1.0,150.0,0.0,
WHIRLWIND SUB,KERN/LOS ANGELES,SCE,0.0,0.0,0.0,0.0,0.0,1.0,480.0,0.0,
WHIRLWIND SUBSTATION,KERN/LOS ANGELES,SCE,0.0,0.0,0.0,0.0,0.0,1.0,1150.0,0.0,
WINDHUB SUB,KERN,SCE,0.0,0.0,0.0,0.0,0.0,1.0,80.0,500.0,0.2
YUBA CITY COGEN TAP LINE-PEASE,YUBA,PGAE,0.0,0.0,0.0,0.0,0.0,1.0,50.0,0.0,
WOODWARD-SANGER,FRESNO,PGAE,0.0,0.0,0.0,0.0,0.0,1.0,20.0,0.0,
WOODLAND-DAVIS,YOLO,PGAE,0.0,0.0,0.0,0.0,0.0,3.0,141.0,0.0,
WOODLAND - ZAMORA - RIO OSO #2,YOLO,PGAE,0.0,0.0,0.0,0.0,0.0,1.0,30.0,0.0,
WINHUB,KERN,SCE,0.0,0.0,0.0,0.0,0.0,1.0,20.0,0.0,
WINDMASTER/BUENA VISTA SUB,CONTRA COSTA,PGAE,0.0,0.0,0.0,0.0,0.0,0.0,0.0,37.6,0.0
WINDHUB,KERN,SCE,0.0,0.0,0.0,0.0,0.0,3.0,1250.0,0.0,
WHIRLWIND SUBSTATION,LOS ANGELES,SCE,0.0,0.0,0.0,0.0,0.0,4.0,842.0,250.0,3.4
WILSON-ORO LOMA,MADERA,PGAE,0.0,0.0,0.0,0.0,0.0,1.0,75.0,0.0,
WILSON SUBSTATION,MERCED,PGAE,0.0,0.0,0.0,0.0,0.0,2.0,725.0,0.0,
WILSON - LE GRAND,MERCED,PGAE,0.0,0.0,0.0,0.0,0.0,1.0,102.3,0.0,
WILDLIFE SUBSTATION,RIVERSIDE,SCE,0.0,0.0,0.0,0.0,0.0,1.0,200.0,0.0,
WHIRLWIND-WINDHUB,KERN,SCE,0.0,0.0,0.0,0.0,0.0,1.0,400.0,0.0,
WHIRLWIND SUBSTATION,ROSAMOND,SCE,0.0,0.0,0.0,0.0,0.0,1.0,300.0,0.0,
WEEDPATCH-WHEELER RIDGE,KERN,PGAE,0.0,0.0,0.0,0.0,0.0,1.0,20.0,0.0,
WEBER SUBSTATION,SAN JOAQUIN,PGAE,0.0,0.0,0.0,0.0,0.0,1.0,25.0,0.0,
VALLEY CENTER,SAN DIEGO,SDGE,0.0,0.0,0.0,0.0,0.0,1.0,20.0,0.0,
WAUKENA SWITCHING STATION,KINGS,PGAE,0.0,0.0,0.0,0.0,0.0,1.0,19.8,0.0,
VICTOR SUBSTATION,SAN BERNARDINO,SCE,0.0,0.0,0.0,0.0,0.0,7.0,1740.0,200.0,8.7
VICTOR SUBSTATION,RIVERSIDE,SCE,0.0,0.0,0.0,0.0,0.0,1.0,55.0,0.0,
VICTOR,SAN BERNARDINO,SCE,0.0,0.0,0.0,0.0,0.0,1.0,150.0,0.0,
VESTAL-MAGUNDEN #2,KERN,SCE,0.0,0.0,0.0,0.0,0.0,1.0,86.0,0.0,
VESTAL SUB,FRESNO,SCE,0.0,0.0,0.0,0.0,0.0,1.0,320.0,0.0,
VESTAL,KERN,SCE,0.0,0.0,0.0,0.0,0.0,1.0,400.0,0.0,
VENWIND PORTION OF DEVERS-GARNETT-VENWIND LINE,RIVERSIDE,SCE,0.0,0.0,0.0,0.0,0.0,1.0,50.0,0.0,
VEA SANDY VALLEY,CLARK,VEA,0.0,0.0,0.0,0.0,0.0,1.0,152.7,0.0,
VASCO-HERDLYN,SAN JOAQUIN,PGAE,0.0,0.0,0.0,0.0,0.0,0.0,0.0,44.8,0.0
VASCO,ALAMEDA,PGAE,0.0,0.0,0.0,0.0,0.0,1.0,20.0,0.0,
VALLEY SPRINGS-MARTEL #2,AMADOR,PGAE,0.0,0.0,0.0,0.0,0.0,0.0,0.0,18.4,0.0
VALLEY SPRINGS SUBSTATION,CALAVERAS,PGAE,0.0,0.0,0.0,0.0,0.0,1.0,100.0,0.0,
VALLEY SPRINGS MARTEL #2,AMADOR,PGAE,0.0,0.0,0.0,0.0,0.0,1.0,16.3,0.0,
VALLEY SPRINGS #2,SAN JOAQUIN,PGAE,0.0,0.0,0.0,0.0,0.0,1.0,55.0,0.0,
VALLEY CENTER SUBSTATION,SAN DIEGO,SDGE,0.0,0.0,0.0,0.0,0.0,0.0,0.0,139.0,0.0
VICTOR SUBSTATION,SAN JOAQUIN,PGAE,0.0,0.0,0.0,0.0,0.0,1.0,30.0,0.0,
VICTORVILLE SUBSTATION,SAN BERNARDINO,SCE,0.0,0.0,0.0,0.0,0.0,1.0,570.0,0.0,
VILLA PARK SUBSTATION,ORANGE,SCE,0.0,0.0,0.0,0.0,0.0,1.0,250.0,0.0,
VISTA SUBSTATION,NYE,VEA,0.0,0.0,0.0,0.0,0.0,4.0,206.4,0.0,
WAUKENA SUBSTATION,KINGS,PGAE,0.0,0.0,0.0,0.0,0.0,2.0,110.0,0.0,
WARNERS SUBSTATION,SAN DIEGO,SDGE,0.0,0.0,0.0,0.0,0.0,1.0,50.0,0.0,
WARNERS,SAN DIEGO,SDGE,0.0,0.0,0.0,0.0,0.0,1.0,20.0,0.0,
WARNER SUBSTATION,SAN DIEGO,SDGE,0.0,0.0,0.0,0.0,0.0,1.0,58.8,0.0,
VOLTA/SOUTH,TEHAMA,PGAE,0.0,0.0,0.0,0.0,0.0,1.0,1.4,0.0,
VISTA SUBSTATION,SAN BERNARDINO,SCE,0.0,0.0,0.0,0.0,0.0,1.0,402.0,0.0,
VISTA SUBSTATION,NYE,GLW,0.0,0.0,0.0,0.0,0.0,1.0,220.0,0.0,
VINCENT,KERN,SCE,0.0,0.0,0.0,0.0,0.0,1.0,82.0,0.0,
VISTA - MIRA LOMA,SAN BERNARDINO,SCE,0.0,0.0,0.0,0.0,0.0,1.0,500.0,0.0,
VINCENT-LUGO,LOS ANGELES,SCE,0.0,0.0,0.0,0.0,0.0,1.0,200.0,0.0,
VINCENT SUBSTATION,,SCE,0.0,0.0,0.0,0.0,0.0,0.0,0.0,5.0,0.0
VINCENT SUB,LOS ANGELES,SCE,0.0,0.0,0.0,0.0,0.0,1.0,570.0,0.0,
VINCENT SUB,KERN,SCE,0.0,0.0,0.0,0.0,0.0,0.0,0.0,1.5,0.0
VINCENT,LOS ANGELES,SCE,0.0,0.0,0.0,0.0,0.0,1.0,250.0,0.0,
SUNRISE POWERLINK,IMPERIAL,SDGE,0.0,0.0,0.0,0.0,0.0,1.0,16.1,0.0,
SUBSTATION 5 (AKA WHIRLWIND),KERN,SCE,0.0,0.0,0.0,0.0,0.0,1.0,150.0,0.0,
PG&E VALLEY SPRINGS #2,SAN JOAQUIN,PGAE,0.0,0.0,0.0,0.0,0.0,1.0,5.0,0.0,
RIO OSO-LOCKFORD,PLACER,PGAE,0.0,0.0,0.0,0.0,0.0,1.0,220.0,0.0,
RIO OSO SUBSTATION,SUTTER,PGAE,0.0,0.0,0.0,0.0,0.0,5.0,1020.0,0.0,
RIO OSO - WOODLAND #1,STANISLAUS,PGAE,0.0,0.0,0.0,0.0,0.0,1.0,101.9,0.0,
RIO DELL SUBSTATION,HUMBOLDT,PGAE,0.0,0.0,0.0,0.0,0.0,2.0,56.8,0.0,
RIO DEL JUNCTION - BRIDGEVILLE,HUMBOLDT,PGAE,0.0,0.0,0.0,0.0,0.0,1.0,70.0,0.0,
RIO BRAVO TOMATO SUBSTATION,KERN,PGAE,0.0,0.0,0.0,0.0,0.0,1.0,49.0,0.0,
REDONDO BEACH SWITCHING STATION,LOS ANGELES,SCE,0.0,0.0,0.0,0.0,0.0,1.0,475.7,0.0,
REDONDO BEACH GENERATING STATION,LOS ANGELES,SCE,0.0,0.0,0.0,0.0,0.0,0.0,0.0,26.0,0.0
REDMAN-PIUTE,LOS ANGELES,SCE,0.0,0.0,0.0,0.0,0.0,2.0,35.0,0.0,
REDMAN-LANCASTER,LOS ANGELES,SCE,0.0,0.0,0.0,0.0,0.0,1.0,25.0,0.0,
REDMAN SUBSTATION,KERN,SCE,0.0,0.0,0.0,0.0,0.0,1.0,40.0,0.0,
REDBUD-CORTINA,COLUSA/LAKE,PGAE,0.0,0.0,0.0,0.0,0.0,1.0,66.2,0.0,
RED BLUFF SWITCHYARD,RIVERSIDE,SCE,0.0,0.0,0.0,0.0,0.0,1.0,400.0,0.0,
RED BLUFF SUB,RIVERSIDE,SCE,0.0,0.0,0.0,0.0,0.0,1.0,170.0,150.0,1.1
RED BLUFF,RIVERSIDE,SCE,0.0,0.0,0.0,0.0,0.0,2.0,227.3,213.5,1.1
RATTLESNAKE SWITCHYARD,KERN,SCE,0.0,0.0,0.0,0.0,0.0,1.0,250.0,0.0,
RIO OSO-ATLANTIC,PLACER,PGAE,0.0,0.0,0.0,0.0,0.0,1.0,300.0,0.0,
ROSAMOND,KERN,SCE,0.0,0.0,0.0,0.0,0.0,1.0,20.0,0.0,
STROUT SW STATION,FRESNO,PGAE,0.0,0.0,0.0,0.0,0.0,2.0,25.0,0.0,
ROSAMOND-CAL CEMENT,KERN,SCE,0.0,0.0,0.0,0.0,0.0,1.0,25.0,0.0,
SAN LUIS REY SUBSTATION,SAN DIEGO,SDGE,0.0,0.0,0.0,0.0,0.0,4.0,734.0,0.0,
SAN LUIS OBISPO-TREMBLOR,SAN LUIS OBISPO,PGAE,0.0,0.0,0.0,0.0,0.0,1.0,100.0,0.0,
SAN BERNARDINO SUBSTATION,SAN BERNARDINO,SCE,0.0,0.0,0.0,0.0,0.0,1.0,300.0,38.0,7.9
SAN BERNADINO 220+M,SAN BERNARDINO,SCE,0.0,0.0,0.0,0.0,0.0,0.0,0.0,72.0,0.0
SAN BERNADINO,SAN BERNARDINO,SCE,0.0,0.0,0.0,0.0,0.0,2.0,550.0,0.0,
SAN BENITO - HOLLISTER,SAN BENITO,PGAE,0.0,0.0,0.0,0.0,0.0,1.0,101.5,0.0,
SALT CREEK SUBSTATION,SAN DIEGO,SDGE,0.0,0.0,0.0,0.0,0.0,2.0,120.0,0.0,
SALADO-MILLER,STANISLAUS,PGAE,0.0,0.0,0.0,0.0,0.0,2.0,40.0,0.0,
SALADO- NEWMAN,STANISLAUS,PGAE,0.0,0.0,0.0,0.0,0.0,1.0,20.0,0.0,
SALADO SUBSTATION,STANISLAUS,PGAE,0.0,0.0,0.0,0.0,0.0,2.0,150.4,0.0,
SALADO - NEWMAN,STANISLAUS,PGAE,0.0,0.0,0.0,0.0,0.0,1.0,30.0,0.0,
ROUND MOUNTAIN SUBSTATION,HUMBOLDT,PGAE,0.0,0.0,0.0,0.0,0.0,2.0,3000.1,0.0,
ROUND MOUNTAIN,SHASTA,PGAE,0.0,0.0,0.0,0.0,0.0,1.0,300.0,0.0,
ROSAMOND-DEL SUR,KERN,SCE,0.0,0.0,0.0,0.0,0.0,1.0,20.0,0.0,
ROSAMOND-CORUM,KERN,SCE,0.0,0.0,0.0,0.0,0.0,1.0,21.0,0.0,
RANCHO VISTA,SAN BERNARDINO,SCE,0.0,0.0,0.0,0.0,0.0,1.0,504.0,0.0,
RANCHO MISSION VIEJO SUBSTATION,ORANGE,SDGE,0.0,0.0,0.0,0.0,0.0,1.0,300.0,0.0,
QUINTO SWITCHING STATION,MERCED,PGAE,0.0,0.0,0.0,0.0,0.0,1.0,200.0,0.0,
QUINTO SUBSTATION,MERCED,PGAE,0.0,0.0,0.0,0.0,0.0,1.0,200.0,0.0,
PITTSBURGH - GWF TAP #1,CONTRA COSTA,PGAE,0.0,0.0,0.0,0.0,0.0,1.0,20.0,0.0,
PITTSBURG-TESLA,CONTRA COSTA,PGAE,0.0,0.0,0.0,0.0,0.0,1.0,14.0,0.0,
PITTSBURG-KIRKER-COLUMBIA STEEL,CONTRA COSTA,PGAE,0.0,0.0,0.0,0.0,0.0,1.0,200.0,20.0,10.0
PITTSBURG SWITCHYARD,CONTRA COSTA,PGAE,0.0,0.0,0.0,0.0,0.0,1.0,81.1,0.0,
PITTSBURG SUBSTATION,CONTRA COSTA,PGAE,0.0,0.0,0.0,0.0,0.0,5.0,1239.0,72.0,17.2
PITTSBURG - KIRKER - COLUMBIA STEEL,CONTRA COSTA,PGAE,0.0,0.0,0.0,0.0,0.0,1.0,5.0,0.0,
PIT#1-PIT#3,MODOC/SISKIYOU,PGAE,0.0,0.0,0.0,0.0,0.0,1.0,132.0,0.0,
PIT RIVER 1-COTTONWOOD,SHASTA,PGAE,0.0,0.0,0.0,0.0,0.0,1.0,138.0,0.0,
PIT 1-COTTONWOOD,SHASTA,PGAE,0.0,0.0,0.0,0.0,0.0,2.0,275.0,0.0,
PIT #3-ROUND MOUNTAIN,SHASTA,PGAE,0.0,0.0,0.0,0.0,0.0,0.0,0.0,102.0,0.0
PIT #3 ROUND MOUNTAIN,SHASTA,PGAE,0.0,0.0,0.0,0.0,0.0,1.0,350.0,0.0,
PISGAH-LUGO,SAN BERNARDINO,SCE,0.0,0.0,0.0,0.0,0.0,2.0,752.0,0.0,
PISGAH SUB,SAN BERNARDINO,SCE,0.0,0.0,0.0,0.0,0.0,3.0,1650.0,0.0,
PISGAH,SAN BERNARDINO,SCE,0.0,0.0,0.0,0.0,0.0,3.0,1229.0,0.0,
PIERCY SUBSTATION,SANTA CLARA,PGAE,0.0,0.0,0.0,0.0,0.0,1.0,100.0,0.0,
PITTSBURGH SUBSTATION,CONTRA COSTA,PGAE,0.0,0.0,0.0,0.0,0.0,0.0,0.0,200.0,0.0
PIUTE SUB,LOS ANGELES,SCE,0.0,0.0,0.0,0.0,0.0,1.0,20.0,0.0,
PIUTE-LANCASTER,LOS ANGELES,SCE,0.0,0.0,0.0,0.0,0.0,1.0,14.0,0.0,
POTRERO,SAN FRANCISCO,PGAE,0.0,0.0,0.0,0.0,0.0,1.0,145.1,0.0,
LOOP TESLA STAGG AND TESLA-EIGHT MILE,SAN JOAQUIN,PGAE,0.0,0.0,0.0,0.0,0.0,1.0,315.0,0.0,
Q1244 SWITCHING STATION,STANISLAUS,PGAE,0.0,0.0,0.0,0.0,0.0,2.0,400.0,0.0,
PROPOSED SWITCH STATION ON THE HASSAYAMA-NORTH GILA BEND,MARICOPA,SDGE,0.0,0.0,0.0,0.0,0.0,1.0,300.0,0.0,
PROPOSED MIDPOINT SUBSTATION,RIVERSIDE,SCE,0.0,0.0,0.0,0.0,0.0,1.0,700.0,0.0,
PROPOSED ELDORADO-IVANPAH,CLARK,SCE,0.0,0.0,0.0,0.0,0.0,1.0,400.0,0.0,
PRIMM SUBSTATION,CLARK,SCE,0.0,0.0,0.0,0.0,0.0,1.0,150.0,0.0,
POMERADO SUBSTATION,SAN DIEGO,SDGE,0.0,0.0,0.0,0.0,0.0,1.0,25.0,100.0,0.2
PIUTE-REDMAN,LOS ANGELES,SCE,0.0,0.0,0.0,0.0,0.0,2.0,140.0,0.0,
POINT LOMA SUBSTATION,SAN DIEGO,,0.0,0.0,0.0,0.0,0.0,1.0,25.0,0.0,
POINT ARENA SUBSTATION,MENDOCINO,PGAE,0.0,0.0,0.0,0.0,0.0,1.0,10.0,0.0,
PLUTE-LANCASTER,LOS ANGELES,SCE,0.0,0.0,0.0,0.0,0.0,1.0,14.0,0.0,
PLEASANT GROVE SUBSTATION,PLACER,PGAE,0.0,0.0,0.0,0.0,0.0,1.0,20.0,0.0,
PLEASANT GROVE SUB STATION,PLACER,PGAE,0.0,0.0,0.0,0.0,0.0,1.0,116.8,0.0,
PIUTE-REDMOND,LOS ANGELES,SCE,0.0,0.0,0.0,0.0,0.0,1.0,20.0,0.0,
SAN LUIS REY-MELROSE,SAN DIEGO,SDGE,0.0,0.0,0.0,0.0,0.0,1.0,98.8,0.0,
SAN LUIS REY-PENDLETON,SAN DIEGO,SDGE,0.0,0.0,0.0,0.0,0.0,1.0,200.0,0.0,
SAN LUIS REY-STUART,SAN DIEGO,SDGE,0.0,0.0,0.0,0.0,0.0,1.0,49.9,0.0,
SEMITROPIC-MIDWAY #2,KERN,PGAE,0.0,0.0,0.0,0.0,0.0,0.0,0.0,20.0,0.0
SOLADO SUB,STANISLAUS,PGAE,0.0,0.0,0.0,0.0,0.0,1.0,70.0,0.0,
SOBRANTE - STANDARD OIL SWITCHING STN #1,CONTRA COSTA,PGAE,0.0,0.0,0.0,0.0,0.0,1.0,150.0,0.0,
SMYRNA-ALPAUGH,TULARE,PGAE,0.0,0.0,0.0,0.0,0.0,0.0,0.0,149.8,0.0
SMYRNA SUBSTATION,KERN,PGAE,0.0,0.0,0.0,0.0,0.0,2.0,176.0,0.0,
SMYRNA SUB,KERN,PGAE,0.0,0.0,0.0,0.0,0.0,1.0,50.0,0.0,
SMYRNA - SEMITROPIC - MIDWAY #1,KERN,PGAE,0.0,0.0,0.0,0.0,0.0,1.0,20.0,0.0,
SMYRNA - SEMITROPIC - MIDWAY,KERN,PGAE,0.0,0.0,0.0,0.0,0.0,2.0,40.0,0.0,
SMARTVILLE-CAMP FAR WEST,PLACER,PGAE,0.0,0.0,0.0,0.0,0.0,1.0,19.7,0.0,
SLO TO OCEANO,SAN LUIS OBISPO,PGAE,0.0,0.0,0.0,0.0,0.0,1.0,20.0,0.0,
SISQUOC SUBSTATION,SANTA BARBARA,PGAE,0.0,0.0,0.0,0.0,0.0,1.0,200.0,0.0,
SILVERGATE SUBSTATION,SAN DIEGO,SDGE,0.0,0.0,0.0,0.0,0.0,1.0,200.0,200.0,1.0
SILVER QUEEN-GOLDTOWN,KERN,SCE,0.0,0.0,0.0,0.0,0.0,1.0,16.0,0.0,
SHINGLE SPRINGS SUBSTATION,EL DORADO,PGAE,0.0,0.0,0.0,0.0,0.0,2.0,50.0,0.0,
SHADOWRIDGE SUBSTATION,SAN DIEGO,SDGE,0.0,0.0,0.0,0.0,0.0,1.0,101.1,0.0,
SF AIRPORT SUBSTATION,SAN FRANCISCO,PGAE,0.0,0.0,0.0,0.0,0.0,1.0,48.7,0.0,
SOLAR SWITCHING STATION,SAN LUIS OBISPO,PGAE,0.0,0.0,0.0,0.0,0.0,1.0,130.0,0.0,
SOLARSS SWITCHING STATION,SAN LUIS OBISPO,PGAE,0.0,0.0,0.0,0.0,0.0,1.0,400.0,0.0,
SOLEDAD SUBSTATION,MONTEREY,PGAE,0.0,0.0,0.0,0.0,0.0,1.0,27.0,0.0,
STANISLAUS - MANTECA #2,SAN JOAQUIN,PGAE,0.0,0.0,0.0,0.0,0.0,1.0,100.0,0.0,
STROUD SWITCHING STATION,FRESNO,PGAE,0.0,0.0,0.0,0.0,0.0,5.0,20.4,18.5,1.1
STROUD SW STA-SCHINDLER,FRESNO,PGAE,0.0,0.0,0.0,0.0,0.0,1.0,20.0,0.0,
STROUD SW STA,FRESNO,PGAE,0.0,0.0,0.0,0.0,0.0,1.0,20.0,0.0,
STROUD,FRESNO,PGAE,0.0,0.0,0.0,0.0,0.0,2.0,40.1,0.0,
STOCKTON¿A¿-LOCKEFORD-BELLOTA,SAN JOAQUIN,PGAE,0.0,0.0,0.0,0.0,0.0,1.0,211.0,0.0,
STOCKTON A #1 LINE,SAN JOAQUIN,PGAE,0.0,0.0,0.0,0.0,0.0,1.0,5.0,0.0,
STANDARD OIL SWITCHING STATION,CONTRA COSTA,PGAE,0.0,0.0,0.0,0.0,0.0,0.0,0.0,0.0,
SOUTHWEST POWER LINK,IMPERIAL,SDGE,0.0,0.0,0.0,0.0,0.0,1.0,375.0,0.0,
SPRINGVILLE-RECTOR,TULARE,SCE,0.0,0.0,0.0,0.0,0.0,1.0,240.0,0.0,
SPRINGVILLE SUB,TULARE,SCE,0.0,0.0,0.0,0.0,0.0,1.0,150.0,0.0,
SPRINGERVILLE MUGUNDEN,KERN,SCE,0.0,0.0,0.0,0.0,0.0,1.0,725.0,0.0,
SPRING VALLEY SUBSTATION,SAN DIEGO,SDGE,0.0,0.0,0.0,0.0,0.0,2.0,100.0,0.0,
SPI,PLUMAS,PGAE,0.0,0.0,0.0,0.0,0.0,1.0,24.0,0.0,
SPENCE SUBSTATION,MONTEREY,PGAE,0.0,0.0,0.0,0.0,0.0,1.0,30.0,0.0,
SERRANO SUBSTATION,ORANGE,SCE,0.0,0.0,0.0,0.0,0.0,1.0,300.0,0.0,
SEMITROPIC-MIDWAY,KERN,PGAE,0.0,0.0,0.0,0.0,0.0,0.0,0.0,15.0,0.0
SAN LUIS REY¿MISSION,SAN DIEGO,SDGE,0.0,0.0,0.0,0.0,0.0,1.0,315.0,0.0,
SEMITROPIC SUBSTATION,KERN,PGAE,0.0,0.0,0.0,0.0,0.0,1.0,100.0,0.0,
SCE PORTION OF KRAMER BLM WEST,KERN,SCE,0.0,0.0,0.0,0.0,0.0,1.0,250.0,0.0,
SCE OWNED ELDORADO,CLARK,SCE,0.0,0.0,0.0,0.0,0.0,1.0,250.0,0.0,
SCE MOHAVE SUBSTATION,MOHAVE,SCE,0.0,0.0,0.0,0.0,0.0,1.0,550.0,0.0,
SCE HIGHWIND SUBSTATION,KERN,SCE,0.0,0.0,0.0,0.0,0.0,1.0,483.0,0.0,
SCE HIGHWIND SUB #2 (PROPOSED),KERN,SCE,0.0,0.0,0.0,0.0,0.0,1.0,362.0,0.0,
SANTA ROSA-CORONA,SONOMA,PGAE,0.0,0.0,0.0,0.0,0.0,1.0,210.0,0.0,
SANTA NELLA-CANAL,MERCED,PGAE,0.0,0.0,0.0,0.0,0.0,1.0,49.0,0.0,
SANTA MARIA COGEN TAP,SANTA BARBARA,PGAE,0.0,0.0,0.0,0.0,0.0,1.0,30.0,0.0,
SANTA MARIA COGEN,SANTA BARBARA,PGAE,0.0,0.0,0.0,0.0,0.0,1.0,42.0,0.0,
SANTA CLARA SUBSTATION,VENTURA,SCE,0.0,0.0,0.0,0.0,0.0,4.0,1707.0,0.0,
SANGER-REEDLEY,FRESNO,PGAE,0.0,0.0,0.0,0.0,0.0,1.0,58.3,0.0,
SANGER CO-GEN 115/13.8KV SUB,,PGAE,0.0,0.0,0.0,0.0,0.0,1.0,48.3,0.0,
SANDLOT SUBSTATION,SAN BERNARDINO,SCE,0.0,0.0,0.0,0.0,0.0,0.0,0.0,25.0,0.0
SAN YSABEL SUBSTATION,SAN DIEGO,SDGE,0.0,0.0,0.0,0.0,0.0,1.0,20.0,0.0,
SAN ONOFRE NUCLEAR GENERATING STATION,SAN DIEGO,SCE,0.0,0.0,0.0,0.0,0.0,1.0,48.0,0.0,
SCE RANCHO VISTA,SAN BERNARDINO,SCE,0.0,0.0,0.0,0.0,0.0,1.0,698.0,0.0,
SCE VALLEY SUBSTATION,RIVERSIDE,SCE,0.0,0.0,0.0,0.0,0.0,0.0,0.0,810.0,0.0
SCE WHIRLWIND SUBSTATION,KERN,SCE,0.0,0.0,0.0,0.0,0.0,1.0,312.2,0.0,
SCRIPPS SUBSTATION,SAN DIEGO,SDGE,0.0,0.0,0.0,0.0,0.0,1.0,70.0,0.0,
SEMITROPIC MIDWAY #2,KERN,PGAE,0.0,0.0,0.0,0.0,0.0,1.0,20.0,0.0,
SEMITROPIC  - MIDWAY #1,KERN,PGAE,0.0,0.0,0.0,0.0,0.0,1.0,100.0,0.0,
SEMITROPIC,KERN,PGAE,0.0,0.0,0.0,0.0,0.0,1.0,50.8,0.0,
SEGMENT 3 230 COLLECTOR LOOP TEHACHAPI,KERN,SCE,0.0,0.0,0.0,0.0,0.0,1.0,120.0,0.0,
SDG&E PALA SUBSTATION,SAN DIEGO,SDGE,0.0,0.0,0.0,0.0,0.0,1.0,99.0,0.0,
SDG&E MARGARITA SUBSTATION,ORANGE,SDGE,0.0,0.0,0.0,0.0,0.0,1.0,99.0,0.0,
SCHULTE SUB,SAN JOAQUIN,PGAE,0.0,0.0,0.0,0.0,0.0,1.0,50.0,0.0,
SCHINDLER,FRESNO,PGAE,0.0,0.0,0.0,0.0,0.0,1.0,100.0,0.0,
SCHINDLER-HURON-GATES TAP,FRESNO,PGAE,0.0,0.0,0.0,0.0,0.0,1.0,20.0,0.0,
SCHINDLER-HURON-GATES,FRESNO,PGAE,0.0,0.0,0.0,0.0,0.0,0.0,0.0,20.0,0.0
SCHINDLER-COALINGA #2,FRESNO,PGAE,0.0,0.0,0.0,0.0,0.0,0.0,0.0,20.0,0.0
SCHINDLER TRANSMISSION LINE TAP,FRESNO,PGAE,0.0,0.0,0.0,0.0,0.0,1.0,42.1,0.0,
SCHINDLER SUBSTATION,FRESNO,PGAE,0.0,0.0,0.0,0.0,0.0,5.0,230.0,0.0,
SCHINDLER SUB,FRESNO,PGAE,0.0,0.0,0.0,0.0,0.0,4.0,260.0,0.0,
LOOP TESLA-STAGG AND TESLA-EIGHT MILE,SAN JOAQUIN,PGAE,0.0,0.0,0.0,0.0,0.0,1.0,500.0,0.0,
LANCASTER-LITTLE ROCK-PIUTE,LOS ANGELES,SCE,0.0,0.0,0.0,0.0,0.0,6.0,320.0,0.0,
LOOP TALEGA-ESCONDIDO,SAN DIEGO,SDGE,0.0,0.0,0.0,0.0,0.0,1.0,98.8,0.0,
COOLEY LANDING,SAN MATEO,PGAE,0.0,0.0,0.0,0.0,0.0,2.0,85.0,0.0,
COOL WATER-SEGS2-TORTILLA,SAN BERNARDINO,SCE,0.0,0.0,0.0,0.0,0.0,1.0,198.6,0.0,
COOL WATER-KRAMER #1,SAN BERNARDINO,SCE,0.0,0.0,0.0,0.0,0.0,3.0,818.6,0.0,
COOL WATER-KRAMER,SAN BERNARDINO,SCE,0.0,0.0,0.0,0.0,0.0,1.0,33.0,0.0,
COOL WATER SUBSTATION,SAN BERNARDINO,SCE,0.0,0.0,0.0,0.0,0.0,1.0,200.0,0.0,
CONTROL-SILVERPEAK,MONO,SCE,0.0,0.0,0.0,0.0,0.0,1.0,20.0,0.0,
CONTROL-INYOKERN,INYO,SCE,0.0,0.0,0.0,0.0,0.0,1.0,50.0,0.0,
CONTROL-HAIWEE-INYOKERN #2,INYO,SCE,0.0,0.0,0.0,0.0,0.0,1.0,20.0,0.0,
CONTROL-HAIWEE-INYOKERN,INYO/KERN,SCE,0.0,0.0,0.0,0.0,0.0,1.0,120.0,0.0,
CONTROL SUBSTATION,MINERAL,SCE,0.0,0.0,0.0,0.0,0.0,1.0,27.0,0.0,
CONTROL SUBSTATION,ESMERALDA,SCE,0.0,0.0,0.0,0.0,0.0,1.0,200.0,0.0,
CONTROL SUBSTATION,CHURCHILL,SCE,0.0,0.0,0.0,0.0,0.0,8.0,393.8,0.0,
CONTROL SUB,MINERAL,SCE,0.0,0.0,0.0,0.0,0.0,1.0,150.0,0.0,
CONTROL SUB,CHURCHILL/PERSHING,SCE,0.0,0.0,0.0,0.0,0.0,1.0,364.2,0.0,
CONTROL SUB,CHURCHILL,SCE,0.0,0.0,0.0,0.0,0.0,2.0,43.6,0.0,
CONTROL,MINERAL,SCE,0.0,0.0,0.0,0.0,0.0,1.0,62.0,0.0,
COOL WATERDUNN SIDING BAKER MOUNT PASS IVANPAH,SAN BERNARDINO,SCE,0.0,0.0,0.0,0.0,0.0,1.0,70.7,0.0,
COOLWATER,SAN BERNARDINO,SCE,0.0,0.0,0.0,0.0,0.0,2.0,246.7,0.0,
CONTRA COSTA-DELTA,CONTRA COSTA,PGAE,0.0,0.0,0.0,0.0,0.0,1.0,100.0,0.0,
COOLWATER SUBSTATION,SAN BERNARDINO,SCE,0.0,0.0,0.0,0.0,0.0,2.0,410.9,113.5,3.6
CORRAL SUBSTATION,SAN JOAQUIN,PGAE,0.0,0.0,0.0,0.0,0.0,1.0,20.0,0.0,
CORCORAN-SMYRNA,TULARE,PGAE,0.0,0.0,0.0,0.0,0.0,2.0,139.7,0.0,
CORCORAN-OLIVE,TULARE,PGAE,0.0,0.0,0.0,0.0,0.0,0.0,0.0,10.0,0.0
CORCORAN-KINGSBURG #2,KINGS,PGAE,0.0,0.0,0.0,0.0,0.0,0.0,0.0,19.8,0.0
CORCORAN-KINGSBURG,KINGS,PGAE,0.0,0.0,0.0,0.0,0.0,0.0,0.0,20.0,0.0
CORCORAN-GUERNSEY,KINGS,PGAE,0.0,0.0,0.0,0.0,0.0,1.0,40.0,0.0,
CORCORAN- KINGSBURG #1,KINGS,PGAE,0.0,0.0,0.0,0.0,0.0,0.0,0.0,20.0,0.0
CORCORAN SMYRNA,TULARE,PGAE,0.0,0.0,0.0,0.0,0.0,1.0,16.0,0.0,
CORCORAN,KINGS,PGAE,0.0,0.0,0.0,0.0,0.0,1.0,85.0,0.0,
CORAM-ROSEMOND,KERN,SCE,0.0,0.0,0.0,0.0,0.0,1.0,100.0,0.0,
COPUS-OLD RIVER,KERN,PGAE,0.0,0.0,0.0,0.0,0.0,0.0,0.0,30.0,0.0
COPUS ROAD SUB,KERN,PGAE,0.0,0.0,0.0,0.0,0.0,0.0,0.0,20.0,0.0
COOLWATER-KRAMER,SAN BERNARDINO,SCE,0.0,0.0,0.0,0.0,0.0,1.0,49.2,250.0,0.2
COOLWATER-DUNNSIDING-BAKER SUBSTATION,KERN,SCE,0.0,0.0,0.0,0.0,0.0,1.0,75.0,0.0,
COOLWATER-DUNN SIDING,SAN BERNARDINO,SCE,0.0,0.0,0.0,0.0,0.0,2.0,305.0,0.0,
CONTRA COSTA-DELTA SW YARD,CONTRA COSTA,PGAE,0.0,0.0,0.0,0.0,0.0,1.0,70.0,0.0,
CONTRA COSTA SWITCHYARD,CONTRA COSTA,PGAE,0.0,0.0,0.0,0.0,0.0,2.0,131.0,0.0,
CORTINA SUBSTATION,COLUSA,PGAE,0.0,0.0,0.0,0.0,0.0,2.0,350.0,0.0,
COALINGA 1-GATES,FRESNO,PGAE,0.0,0.0,0.0,0.0,0.0,1.0,10.0,0.0,
COALINGA - GATES #1,FRESNO,PGAE,0.0,0.0,0.0,0.0,0.0,1.0,20.0,0.0,
COALINGA #2-SCHINDLER,FRESNO,PGAE,0.0,0.0,0.0,0.0,0.0,1.0,1.0,0.0,
COALINGA #2 - COALINGA #1,FRESNO,PGAE,0.0,0.0,0.0,0.0,0.0,1.0,60.8,0.0,
COALINGA #1-TORNADO,FRESNO,PGAE,0.0,0.0,0.0,0.0,0.0,1.0,5.0,0.0,
COALINGA #1 - SAN MIGUEL,FRESNO,PGAE,0.0,0.0,0.0,0.0,0.0,1.0,40.5,0.0,
COALINGA,FRESNO,PGAE,0.0,0.0,0.0,0.0,0.0,1.0,20.0,0.0,
CKT I & 2 DELEVAN-VACA AND CORTINA-VACA,YOLO,PGAE,0.0,0.0,0.0,0.0,0.0,1.0,100.0,0.0,
CIELO AZUL SUBSTATION,MARICOPA,DCRT,0.0,0.0,0.0,0.0,0.0,1.0,500.0,0.0,
CHRISTIE SUBSTATION,CONTRA COSTA,PGAE,0.0,0.0,0.0,0.0,0.0,1.0,20.0,0.0,
CHOWCHILLA-KERCKHOFF #2,MADERA,PGAE,0.0,0.0,0.0,0.0,0.0,1.0,100.0,0.0,
CHOWCHILLA,MADERA,PGAE,0.0,0.0,0.0,0.0,0.0,1.0,75.0,0.0,
CHINO-VIEJO,RIVERSIDE,SCE,0.0,0.0,0.0,0.0,0.0,1.0,910.0,0.0,
CHINO SUBSTATION,LOS ANGELES,SCE,0.0,0.0,0.0,0.0,0.0,1.0,100.0,0.0,
CHICARITA SUBSTATION,SAN DIEGO,SDGE,0.0,0.0,0.0,0.0,0.0,2.0,400.0,0.0,
CHEVGEN SUBSTATION,LOS ANGELES,SCE,0.0,0.0,0.0,0.0,0.0,1.0,49.8,0.0,
COALINGA 1-COALINGA 2,FRESNO,PGAE,0.0,0.0,0.0,0.0,0.0,1.0,20.0,0.0,
COALINGA COGEN,FRESNO,PGAE,0.0,0.0,0.0,0.0,0.0,1.0,12.0,0.0,
CONTRA COSTA SUBSTATION,CONTRA COSTA,PGAE,0.0,0.0,0.0,0.0,0.0,5.0,2243.0,100.0,22.4
COALINGA COGEN TAP,FRESNO,PGAE,0.0,0.0,0.0,0.0,0.0,1.0,65.0,0.0,
CONTRA COSTA POWER PLANT,CONTRA COSTA,PGAE,0.0,0.0,0.0,0.0,0.0,1.0,590.0,590.0,1.0
CONTRA COSTA (,CONTRA COSTA,PGAE,0.0,0.0,0.0,0.0,0.0,1.0,158.0,0.0,
COLORADO RIVER-DELANEY,MARICOPA,DCRT,0.0,0.0,0.0,0.0,0.0,1.0,450.0,0.0,
COLORADO RIVER-DELANEY,LA PAZ,DCRT,0.0,0.0,0.0,0.0,0.0,1.0,700.0,0.0,
COLORADO RIVER SUBSTATION,IMPERIAL,SCE,0.0,0.0,0.0,0.0,0.0,1.0,100.0,0.0,
"COLORADO RIVER SUB,",RIVERSIDE,SCE,0.0,0.0,0.0,0.0,0.0,1.0,150.0,0.0,
COLORADO RIVER SUB,RIVERSIDE,SCE,0.0,0.0,0.0,0.0,0.0,2.0,1250.0,224.0,5.6
COLORADO RIVER,RIVERSIDE,SCE,0.0,0.0,0.0,0.0,0.0,2.0,453.4,0.0,
COLLECTOR SUB AT GEYSERS #17 FULTON,LAKE/SONOMA,PGAE,0.0,0.0,0.0,0.0,0.0,1.0,201.0,0.0,
COLGATE-CHALLENGE,YUBA,PGAE,0.0,0.0,0.0,0.0,0.0,2.0,8.0,0.0,
COBURN SUBSTATION,TBD,PGAE,0.0,0.0,0.0,0.0,0.0,1.0,150.0,0.0,
COBURN SUB,MONTEREY,PGAE,0.0,0.0,0.0,0.0,0.0,2.0,360.0,0.0,
COALINGA-MENDOTA ROAD,FRESNO,PGAE,0.0,0.0,0.0,0.0,0.0,1.0,20.0,0.0,
COALINGA#1-SAN MIGUEL,FRESNO,PGAE,0.0,0.0,0.0,0.0,0.0,1.0,50.0,0.0,
COALINGA NO 1 SUBSTATION,FRESNO,PGAE,0.0,0.0,0.0,0.0,0.0,1.0,50.0,0.0,
CORTINA - VACA 230; DELEVAN - VACA #1,YOLO,PGAE,0.0,0.0,0.0,0.0,0.0,1.0,301.4,0.0,
CORTINA-MENDOCINO  AND  CORTINA-EAGLE ROCK,LAKE,PGAE,0.0,0.0,0.0,0.0,0.0,1.0,140.9,0.0,
CHARLESTON SUBSTATION,NYE,VEA,0.0,0.0,0.0,0.0,0.0,1.0,69.3,0.0,
DEVERS-VISTA #1,RIVERSIDE,SCE,0.0,0.0,0.0,0.0,0.0,1.0,150.0,0.0,
DEVERS-SAN BERNARDINO LINE,RIVERSIDE,SCE,0.0,0.0,0.0,0.0,0.0,1.0,500.0,0.0,
DEVERS-PALO VERDE LINE,MARICOPA,SCE,0.0,0.0,0.0,0.0,0.0,1.0,900.0,0.0,
DEVERS-PALO VERDE,RIVERSIDE,SCE,0.0,0.0,0.0,0.0,0.0,1.0,280.0,0.0,
DEVERS-PALO VERDE,LA PAZ/MARICOPA,SCE,0.0,0.0,0.0,0.0,0.0,1.0,900.0,0.0,
DEVERS-PALO VERDE,LA PAZ,SCE,0.0,0.0,0.0,0.0,0.0,1.0,900.0,0.0,
DEVERS-MIRAGE-JULIAN HINDS,RIVERSIDE,SCE,0.0,0.0,0.0,0.0,0.0,1.0,228.0,0.0,
DEVERS-GARNET-VENWIND,RIVERSIDE,SCE,0.0,0.0,0.0,0.0,0.0,1.0,20.0,0.0,
DEVERS-FARREL,RIVERSIDE,SCE,0.0,0.0,0.0,0.0,0.0,1.0,21.0,0.0,
DEVERS-EL CASCO LINE,KERN,SCE,0.0,0.0,0.0,0.0,0.0,1.0,300.0,0.0,
DEVERS SUBSTATION,SAN BERNARDINO,SCE,0.0,0.0,0.0,0.0,0.0,2.0,2000.0,0.0,
DEVERS,RIVERSIDE,SCE,0.0,0.0,0.0,0.0,0.0,2.0,310.0,0.0,
DESERT VIEW SUBSTATION,SAN BERNARDINO,SCE,0.0,0.0,0.0,0.0,0.0,1.0,90.0,0.0,
DESERT VIEW SUBSTATION,CLARK,GLW,0.0,0.0,0.0,0.0,0.0,1.0,100.0,0.0,
DELEVAN-VACA NO. 2& NO. 3,YOLO,PGAE,0.0,0.0,0.0,0.0,0.0,1.0,100.0,0.0,
DELEVAN-VACA NO. 2 & NO. 3,YOLO,PGAE,0.0,0.0,0.0,0.0,0.0,1.0,150.0,0.0,
DEVERS-VENWIND,RIVERSIDE,SCE,0.0,0.0,0.0,0.0,0.0,1.0,30.0,0.0,
DIABLO CANYON - MIDWAY #3,KERN,PGAE,0.0,0.0,0.0,0.0,0.0,1.0,1000.0,0.0,
DELEVAN SUBSTATION,COLUSA,PGAE,0.0,0.0,0.0,0.0,0.0,1.0,300.0,0.0,
DIABLO CANYON - MORRO BAY,SAN LUIS OBISPO,PGAE,0.0,0.0,0.0,0.0,0.0,1.0,1000.0,0.0,
DUNN SIDING COOL WATER,SAN BERNARDINO,SCE,0.0,0.0,0.0,0.0,0.0,1.0,40.0,0.0,
DUMBARTON-NEWARK,ALAMEDA,PGAE,0.0,0.0,0.0,0.0,0.0,2.0,271.5,0.0,
DU PONT SUBSTATION,CONTRA COSTA,PGAE,0.0,0.0,0.0,0.0,0.0,1.0,103.0,0.0,
DONNELS-CURTIS AT PG&E SWITCH 183 115VK,TUOLUMNE,PGAE,0.0,0.0,0.0,0.0,0.0,0.0,0.0,7.5,0.0
DIXON-VACA #2,SOLANO,PGAE,0.0,0.0,0.0,0.0,0.0,1.0,14.0,0.0,
DIXON LANDING - MCKEE,SAN MATEO,PGAE,0.0,0.0,0.0,0.0,0.0,1.0,40.0,0.0,
DIVIDE-CABRILLO #2,SANTA BARBARA,PGAE,0.0,0.0,0.0,0.0,0.0,1.0,55.5,0.0,
DIABLO-GATES,SAN LUIS OBISPO,PGAE,0.0,0.0,0.0,0.0,0.0,2.0,2648.3,0.0,
DIABLO CANYON-GATES,SAN LUIS OBISPO,PGAE,0.0,0.0,0.0,0.0,0.0,2.0,3000.0,0.0,
DIABLO CANYON SWITCHING STATION,SAN LUIS OBISPO,PGAE,0.0,0.0,0.0,0.0,0.0,3.0,3545.0,0.0,
DIABLO CANYON SUBSTATION CIRVUIT BREAKERS 532 AND 632,SAN LUIS OBISPO,PGAE,0.0,0.0,0.0,0.0,0.0,0.0,0.0,37.0,0.0
DIABLO CANYON SUBSTATION CIRCUIT BREAKERS 542 AND 642,SAN LUIS OBISPO,PGAE,0.0,0.0,0.0,0.0,0.0,0.0,0.0,45.0,0.0
DIABLO CANYON SUBSTATION CIRCUIT BREAKERS 532 AND 632,SAN LUIS OBISPO,PGAE,0.0,0.0,0.0,0.0,0.0,1.0,28.0,0.0,
DIABLO CANYON SUBSTATION,SAN LUIS OBISPO,PGAE,0.0,0.0,0.0,0.0,0.0,1.0,1000.0,0.0,
DIABLO CANYON POWER PLANT,,PGAE,0.0,0.0,0.0,0.0,0.0,1.0,2005.8,0.0,
DELEVAN-VACA #3,COLUSA,PGAE,0.0,0.0,0.0,0.0,0.0,1.0,300.0,0.0,
DELEVAN,COLUSA,PGAE,0.0,0.0,0.0,0.0,0.0,1.0,500.0,0.0,
CORUM-GOLDTOWN,KERN,SCE,0.0,0.0,0.0,0.0,0.0,1.0,15.0,0.0,
CRESCENT SWITCHING STATION,FRESNO,PGAE,0.0,0.0,0.0,0.0,0.0,2.0,82.1,0.0,
CRAZY EYES TAP,NYE,VEA,0.0,0.0,0.0,0.0,0.0,1.0,210.0,0.0,
CRAZY EYES TAP,CLARK,VEA,0.0,0.0,0.0,0.0,0.0,1.0,270.0,0.0,
CRAZY EYES SWITCHING STATION,INYO,GLW,0.0,0.0,0.0,0.0,0.0,1.0,266.5,0.0,
CRAZY EYES SUBSTATION,CLARK,GLW,0.0,0.0,0.0,0.0,0.0,0.0,0.0,250.0,0.0
CRAZY EYES SUBSATION,NYE,VEA,0.0,0.0,0.0,0.0,0.0,1.0,250.0,0.0,
CRAZY EYE TAP SUBSTATION,NYE,VEA,0.0,0.0,0.0,0.0,0.0,1.0,540.0,0.0,
CPN CREED/ GOOSE HAVEN SUBS - LAMBIE SWITCHING STATION,SOLANO,PGAE,0.0,0.0,0.0,0.0,0.0,1.0,175.0,0.0,
COTTONWOOD-SAVAGE,SAN BERNARDINO,SCE,0.0,0.0,0.0,0.0,0.0,1.0,70.0,0.0,
COTTONWOOD-DELEVAN #1 AND #2,TEHAMA,PGAE,0.0,0.0,0.0,0.0,0.0,2.0,390.0,0.0,
COTTONWOOD-DELEVAN #1,TEHAMA,PGAE,0.0,0.0,0.0,0.0,0.0,1.0,350.0,0.0,
COTTONWOOD-DELEVAN,TEHAMA,PGAE,0.0,0.0,0.0,0.0,0.0,1.0,252.2,0.0,
COTTONWOOD SUBSTATION,SHASTA,PGAE,0.0,0.0,0.0,0.0,0.0,1.0,101.1,0.0,
COTTONWIND-WHIRLWIND,KERN,SCE,0.0,0.0,0.0,0.0,0.0,0.0,0.0,586.0,0.0
COSO-KRAMER,INYO,SCE,0.0,0.0,0.0,0.0,0.0,1.0,75.0,0.0,
CORUM-GOLDTOWN,LOS ANGELES,SCE,0.0,0.0,0.0,0.0,0.0,1.0,100.0,0.0,
CREELMAN SUBSTATION,SAN DIEGO,SDGE,0.0,0.0,0.0,0.0,0.0,3.0,170.0,0.0,
CRESTWOOD,SAN DIEGO,SDGE,0.0,0.0,0.0,0.0,0.0,2.0,153.0,0.0,
DELANEY-COLORADO RIVER LINE,MARICOPA,DCRT,0.0,0.0,0.0,0.0,0.0,2.0,822.0,0.0,
CRESTWOOD SUBSTATION,SAN DIEGO,SDGE,0.0,0.0,0.0,0.0,0.0,0.0,0.0,46.0,0.0
DELANEY-COLORADO RIVER,MARICOPA,DCRT,0.0,0.0,0.0,0.0,0.0,1.0,150.0,0.0,
DELANEY - COLORADO RIVER,MARICOPA,DCRT,0.0,0.0,0.0,0.0,0.0,1.0,500.0,0.0,
DEL-DUR-LANCASTER-RITE AID,LOS ANGELES,SCE,0.0,0.0,0.0,0.0,0.0,1.0,100.0,0.0,
DEL SUR SUBSTATION,LOS ANGELES,SCE,0.0,0.0,0.0,0.0,0.0,1.0,38.0,0.0,
DAIRYLAND-MENDOTA TRANSMISSION LINE,FRESNO,PGAE,0.0,0.0,0.0,0.0,0.0,1.0,105.3,0.0,
DAIRYLAND-MENDOTA,MADERA,PGAE,0.0,0.0,0.0,0.0,0.0,1.0,29.0,0.0,
DAIRYLAND-MENDOTA,FRESNO,PGAE,0.0,0.0,0.0,0.0,0.0,1.0,105.3,0.0,
DAIRYLAND - MENDOTA,MADERA,PGAE,0.0,0.0,0.0,0.0,0.0,1.0,100.0,0.0,
DAIRYLAND - LEGRAND,MADERA,PGAE,0.0,0.0,0.0,0.0,0.0,0.0,0.0,20.0,0.0
CUYAMA SUBSTATION,SANTA BARBARA,PGAE,0.0,0.0,0.0,0.0,0.0,1.0,5.0,0.0,
CUYAMA 2 SUBSTATION,SANTA BARBARA,PGAE,0.0,0.0,0.0,0.0,0.0,1.0,30.4,0.0,
CROWS LANDING SUBSTATION,STANISLAUS,PGAE,0.0,0.0,0.0,0.0,0.0,2.0,150.6,0.0,
CROW CREEK SWITCHING STATION,STANISLAUS,PGAE,0.0,0.0,0.0,0.0,0.0,2.0,20.0,0.0,
CROW CREEK,STANISLAUS,PGAE,0.0,0.0,0.0,0.0,0.0,0.0,0.0,20.0,0.0
CRESTWOOD-BOULEVARD EAST,SAN DIEGO,SDGE,0.0,0.0,0.0,0.0,0.0,1.0,30.0,0.0,
CHENEY #1 TAP,FRESNO,PGAE,0.0,0.0,0.0,0.0,0.0,1.0,30.0,0.0,
CHANEY #1,FRESNO,PGAE,0.0,0.0,0.0,0.0,0.0,1.0,8.0,0.0,
EAGLE MOUNTAIN BLYTHE,RIVERSIDE,SCE,0.0,0.0,0.0,0.0,0.0,1.0,25.0,0.0,
ARCO-CARNERAS,SAN FRANCISCO,PGAE,0.0,0.0,0.0,0.0,0.0,0.0,0.0,20.0,0.0
ARCO SUBSTATION,KINGS,PGAE,0.0,0.0,0.0,0.0,0.0,1.0,20.0,0.0,
ARCO SUBSTATION,KERN,PGAE,0.0,0.0,0.0,0.0,0.0,8.0,993.6,0.0,
ARCO SUB,KINGS,PGAE,0.0,0.0,0.0,0.0,0.0,2.0,40.0,0.0,
ARCO SUB,KERN/KINGS,PGAE,0.0,0.0,0.0,0.0,0.0,1.0,20.0,0.0,
ARCO SUB,KERN,PGAE,0.0,0.0,0.0,0.0,0.0,2.0,320.0,0.0,
ARCO GEN #1 & #2,LOS ANGELES,SCE,0.0,0.0,0.0,0.0,0.0,1.0,85.0,0.0,
ARCO CANERAS,KERN,PGAE,0.0,0.0,0.0,0.0,0.0,1.0,20.0,0.0,
ARCO - POLONIOS PASS,KERN,PGAE,0.0,0.0,0.0,0.0,0.0,1.0,20.0,0.0,
ARCO - POLONIO PASS,KERN,PGAE,0.0,0.0,0.0,0.0,0.0,1.0,20.0,0.0,
ARCO - MIDWAY,KERN,PGAE,0.0,0.0,0.0,0.0,0.0,1.0,300.0,0.0,
ARCO,KINGS,PGAE,0.0,0.0,0.0,0.0,0.0,1.0,20.0,0.0,
APPROX 4 MI SOUTH OF THE PENASQUITOS SUB ALONG THE EAST SIDE OF THE PENASQUITOS-OLD TOWN,SAN DIEGO,SDGE,0.0,0.0,0.0,0.0,0.0,1.0,300.0,0.0,
APPLE HILL SUBSTATION (PGE),EL DORADO,PGAE,0.0,0.0,0.0,0.0,0.0,1.0,50.5,0.0,
APPLE HILL SUBSTATION,EL DORADO,PGAE,0.0,0.0,0.0,0.0,0.0,1.0,60.0,0.0,
ANTLELOPE SUB,LOS ANGELES,SCE,0.0,0.0,0.0,0.0,0.0,0.0,0.0,20.0,0.0
ARCO-CARNERAS,KERN,PGAE,0.0,0.0,0.0,0.0,0.0,2.0,38.0,20.0,1.9
ARCO-MIDWAY & GATES-MIDWAY,KERN,PGAE,0.0,0.0,0.0,0.0,0.0,1.0,150.0,0.0,
ANTELOPE-ROSAMOND,KERN,SCE,0.0,0.0,0.0,0.0,0.0,1.0,45.0,0.0,
ARCO-POLONIO PASS,KERN,PGAE,0.0,0.0,0.0,0.0,0.0,1.0,21.7,0.0,
BAY BOULEVARD,SAN DIEGO,SDGE,0.0,0.0,0.0,0.0,0.0,1.0,300.0,0.0,
BARRETT-CAMERON,SAN DIEGO,SDGE,0.0,0.0,0.0,0.0,0.0,1.0,0.1,0.0,
BAKER SUBSTATION,RIVERSIDE,SCE,0.0,0.0,0.0,0.0,0.0,1.0,100.0,0.0,
BAIR SUBSTATION,SAN MATEO,PGAE,0.0,0.0,0.0,0.0,0.0,1.0,40.0,0.0,
BAILEY SUBSTATION,LOS ANGELES,SCE,0.0,0.0,0.0,0.0,0.0,1.0,150.0,0.0,
BAHIA   MORAGA,CONTRA COSTA,PGAE,0.0,0.0,0.0,0.0,0.0,1.0,100.0,0.0,
AVOCADO-MONSERATE,SAN DIEGO,SDGE,0.0,0.0,0.0,0.0,0.0,1.0,99.0,0.0,
ATLANTIC SUBSTATION,PLACER,PGAE,0.0,0.0,0.0,0.0,0.0,1.0,200.0,0.0,
ATLANTIC,PLACER,PGAE,0.0,0.0,0.0,0.0,0.0,1.0,101.2,0.0,
AT SWITCH 125 OUTSIDE HARTER SUB,SUTTER,PGAE,0.0,0.0,0.0,0.0,0.0,1.0,49.2,0.0,
ASH - VALLEY CENTER,SAN DIEGO,SDGE,0.0,0.0,0.0,0.0,0.0,1.0,49.0,0.0,
ARTESIAN RANCH SUBSTATION,SAN DIEGO,SDGE,0.0,0.0,0.0,0.0,0.0,1.0,150.0,0.0,
ARCO-TWISSELMAN,KERN,PGAE,0.0,0.0,0.0,0.0,0.0,1.0,47.8,15.0,3.2
ARCO-TULARE LAKE LINE,KINGS,PGAE,0.0,0.0,0.0,0.0,0.0,1.0,21.2,0.0,
ARCO-TULARE LAKE,KINGS,PGAE,0.0,0.0,0.0,0.0,0.0,1.0,21.7,0.0,
ANTELOPE-ROSAMOND,LOS ANGELES,SCE,0.0,0.0,0.0,0.0,0.0,1.0,100.0,0.0,
ANTELOPE-PIUTE,LOS ANGELES,SCE,0.0,0.0,0.0,0.0,0.0,1.0,33.0,0.0,
BEAR MOUNTAIN - BEAR MOUNTAIN TAP,KERN,PGAE,0.0,0.0,0.0,0.0,0.0,1.0,100.0,0.0,
ALAMITOS,LOS ANGELES,SCE,0.0,0.0,0.0,0.0,0.0,1.0,236.0,0.0,
7TH STANDARD,KERN,PGAE,0.0,0.0,0.0,0.0,0.0,1.0,82.9,0.0,
230/138/,SAN DIEGO,SDGE,0.0,0.0,0.0,0.0,0.0,1.0,650.0,0.0,
0.2-MILE FROM MORO HILL TAP ON THE MORO HILL TAP - MONSERATE,SAN DIEGO,SDGE,0.0,0.0,0.0,0.0,0.0,1.0,84.0,0.0,
0.2 MILES FROM MONSRATE TAP  ON THE MONSRATE TAP-PALA,SAN DIEGO,SDGE,0.0,0.0,0.0,0.0,0.0,1.0,84.0,0.0,
,YUMA,SDGE,0.0,0.0,0.0,0.0,0.0,1.0,960.0,0.0,
,YOLO,PGAE,0.0,0.0,0.0,0.0,0.0,1.0,25.0,0.0,
,STANISLAUS,PGAE,0.0,0.0,0.0,0.0,0.0,1.0,99.9,0.0,
,SANTA BARBARA,PGAE,0.0,0.0,0.0,0.0,0.0,1.0,50.0,0.0,
,SAN JOAQUIN,PGAE,0.0,0.0,0.0,0.0,0.0,1.0,50.0,0.0,
,SAN DIEGO,SDGE,0.0,0.0,0.0,0.0,0.0,3.0,448.9,0.0,
,RIVERSIDE,SCE,0.0,0.0,0.0,0.0,0.0,3.0,1640.0,0.0,
,KINGS,PGAE,0.0,0.0,0.0,0.0,0.0,1.0,20.0,0.0,
,KERN,SCE,0.0,0.0,0.0,0.0,0.0,3.0,235.3,0.0,
,KERN,PGAE,0.0,0.0,0.0,0.0,0.0,1.0,20.0,0.0,
,IMPERIAL,SDGE,0.0,0.0,0.0,0.0,0.0,1.0,150.0,0.0,
7TH STANDARD SUBSTATION,KERN,PGAE,0.0,0.0,0.0,0.0,0.0,1.0,20.0,0.0,
ALAMITOS SWITCHING STATION,LOS ANGELES,SCE,0.0,0.0,0.0,0.0,0.0,2.0,2202.9,0.0,
ANTELOPE-NEENACH,LOS ANGELES,SCE,0.0,0.0,0.0,0.0,0.0,4.0,80.0,0.0,
ALPAUGH,TULARE,PGAE,0.0,0.0,0.0,0.0,0.0,2.0,180.0,0.0,
ANTELOPE-NEENACH,KERN,SCE,0.0,0.0,0.0,0.0,0.0,1.0,20.0,0.0,
ANTELOPE-MAGUNDEN #1,KERN,SCE,0.0,0.0,0.0,0.0,0.0,1.0,100.0,0.0,
ANTELOPE-MAGUNDEN,KERN,SCE,0.0,0.0,0.0,0.0,0.0,1.0,231.0,0.0,
ANTELOPE-CALCEMENT,LOS ANGELES,SCE,0.0,0.0,0.0,0.0,0.0,1.0,33.0,0.0,
ANTELOPE-CAL CEMENT,KERN,SCE,0.0,0.0,0.0,0.0,0.0,1.0,50.0,0.0,
ANTELOPE- MAGUNDEN #2,LOS ANGELES,SCE,0.0,0.0,0.0,0.0,0.0,1.0,210.0,0.0,
ANTELOPE SUBSTATION,KERN,SCE,0.0,0.0,0.0,0.0,0.0,1.0,250.0,0.0,
ANTELOPE SUBSTATION,KERN,PGAE,0.0,0.0,0.0,0.0,0.0,1.0,40.9,0.0,
ANTELOPE SUB,LOS ANGELES,SCE,0.0,0.0,0.0,0.0,0.0,3.0,500.1,70.0,7.1
ANTELOPE CAL CEMENT,RIVERSIDE,SCE,0.0,0.0,0.0,0.0,0.0,1.0,50.0,0.0,
ANTELOPE,LOS ANGELES,SCE,0.0,0.0,0.0,0.0,0.0,3.0,732.0,0.0,
ANGIOLA SUB,KINGS,PGAE,0.0,0.0,0.0,0.0,0.0,1.0,150.0,0.0,
AMARGOSA SUB,CLARK,VEA,0.0,0.0,0.0,0.0,0.0,1.0,66.0,0.0,
ALPAUGH-SMYRNA,TULARE,PGAE,0.0,0.0,0.0,0.0,0.0,1.0,40.0,0.0,
ALPAUGH SUBSTATION,TULARE,PGAE,0.0,0.0,0.0,0.0,0.0,1.0,140.0,0.0,
BAY-BOULEVARD,SAN DIEGO,SDGE,0.0,0.0,0.0,0.0,0.0,1.0,200.0,0.0,
BEATTY SUBSTATION,ESMERALDA,VEA,0.0,0.0,0.0,0.0,0.0,1.0,427.3,0.0,
CENTERVILLE-TABLE MOUNTAIN,BUTTE,PGAE,0.0,0.0,0.0,0.0,0.0,0.0,0.0,4.0,0.0
CALIFORNIA FLATS SWITCHING STATION,MONTEREY,PGAE,0.0,0.0,0.0,0.0,0.0,1.0,60.0,0.0,
CALIENTE SWITCHING STATION,KERN,PGAE,0.0,0.0,0.0,0.0,0.0,1.0,250.0,0.0,
CALIENTE,SAN LUIS OBISPO,PGAE,0.0,0.0,0.0,0.0,0.0,1.0,299.6,0.0,
CALCITE SUBSTATION GEN-TIE AT,SAN BERNARDINO,SCE,0.0,0.0,0.0,0.0,0.0,1.0,167.6,0.0,
CALCITE,SAN BERNARDINO,SCE,0.0,0.0,0.0,0.0,0.0,1.0,100.0,0.0,
CAL CEMENT-ROSAMOND,KERN,SCE,0.0,0.0,0.0,0.0,0.0,1.0,50.0,0.0,
CAL CEMENT-MONOLITH-WINDLAND,KERN,SCE,0.0,0.0,0.0,0.0,0.0,1.0,20.0,0.0,
CAL CEMENT-ANTELOPE,KERN,SCE,0.0,0.0,0.0,0.0,0.0,3.0,60.0,0.0,
CAL CEMENT - MONOLITH - WINDLAND - ARWIND,KERN,SCE,0.0,0.0,0.0,0.0,0.0,1.0,20.0,0.0,
CABRILLO SUBSTATION,SANTA BARBARA,PGAE,0.0,0.0,0.0,0.0,0.0,2.0,70.8,0.0,
CABRILL0-DIVIDE,KERN,PGAE,0.0,0.0,0.0,0.0,0.0,1.0,100.0,0.0,
BUTTE-TABLE MOUNTAIN,BUTTE,PGAE,0.0,0.0,0.0,0.0,0.0,1.0,75.0,0.0,
BRIGHTON-DAVIS,YOLO,PGAE,0.0,0.0,0.0,0.0,0.0,1.0,20.0,0.0,
BRIGHTON-DAVIS,SOLANO,PGAE,0.0,0.0,0.0,0.0,0.0,1.0,9.6,0.0,
BRIGHTON-CONTRA COSTA,SOLANO,PGAE,0.0,0.0,0.0,0.0,0.0,1.0,128.0,0.0,
BRIGHTON-BELLOTA,SAN JOAQUIN,PGAE,0.0,0.0,0.0,0.0,0.0,1.0,350.0,0.0,
CALIENTE SWITCHING STATION,SAN LUIS OBISPO,PGAE,0.0,0.0,0.0,0.0,0.0,1.0,400.0,0.0,
CALLENDER SW STA,SAN LUIS OBISPO,PGAE,0.0,0.0,0.0,0.0,0.0,1.0,75.0,0.0,
BRIDGEVILLE,HUMBOLDT,PGAE,0.0,0.0,0.0,0.0,0.0,1.0,125.0,0.0,
CAMANCHE,SAN JOAQUIN,PGAE,0.0,0.0,0.0,0.0,0.0,1.0,84.9,0.0,
CENTER S SUBSTATION,LOS ANGELES,SCE,0.0,0.0,0.0,0.0,0.0,1.0,400.0,0.0,
CAYETANO SUBSTATION,ALAMEDA,PGAE,0.0,0.0,0.0,0.0,0.0,3.0,550.0,0.0,
CASCADE-COTTONWOOD,,PGAE,0.0,0.0,0.0,0.0,0.0,0.0,0.0,27.2,0.0
CARUTHERS - KINGSBURG,FRESNO,PGAE,0.0,0.0,0.0,0.0,0.0,1.0,7.0,0.0,
CARNERAS-TAFT,KERN,PGAE,0.0,0.0,0.0,0.0,0.0,1.0,75.0,0.0,
CARIBOU SUBSTATION,PLUMAS,PGAE,0.0,0.0,0.0,0.0,0.0,1.0,100.0,0.0,
CARIBOU,LASSEN,PGAE,0.0,0.0,0.0,0.0,0.0,1.0,201.0,0.0,
CARBERRY SWITCHING STATION,SHASTA,PGAE,0.0,0.0,0.0,0.0,0.0,1.0,110.0,0.0,
CANWIND SUBSTATION,KERN,SCE,0.0,0.0,0.0,0.0,0.0,1.0,34.0,0.0,
CANTUA SUBSTATION,FRESNO,PGAE,0.0,0.0,0.0,0.0,0.0,1.0,71.1,0.0,
CANTUA,MERCED,PGAE,0.0,0.0,0.0,0.0,0.0,1.0,50.0,0.0,
CAMINO-IRON MOUNTAIN,RIVERSIDE,SCE,0.0,0.0,0.0,0.0,0.0,2.0,99.0,0.0,
CAMERON SUBSTATION,SAN DIEGO,SDGE,0.0,0.0,0.0,0.0,0.0,3.0,90.0,0.0,
CAMDEN SUBSTATION,FRESNO,PGAE,0.0,0.0,0.0,0.0,0.0,1.0,14.0,0.0,
CAMDEN JUNCTION-LEMOORE TAP,KINGS,PGAE,0.0,0.0,0.0,0.0,0.0,1.0,20.0,0.0,
BRIDGEVILLE SUBSTATION,HUMBOLDT,PGAE,0.0,0.0,0.0,0.0,0.0,2.0,250.0,0.0,
BOULEVARD SUBSTATION,SAN DIEGO,SDGE,0.0,0.0,0.0,0.0,0.0,2.0,222.0,0.0,
BELLOTA,SAN JOAQUIN,PGAE,0.0,0.0,0.0,0.0,0.0,3.0,650.0,0.0,
BITTERWATER SWITCHING STATION,KERN,PGAE,0.0,0.0,0.0,0.0,0.0,1.0,200.0,0.0,
BISHOP CONTROL SUBSTATION,CHURCHILL,SCE,0.0,0.0,0.0,0.0,0.0,0.0,0.0,10.0,0.0
BISHOP  SUBSTATION,CHURCHILL,SCE,0.0,0.0,0.0,0.0,0.0,1.0,52.5,0.0,
BIRDS LANDING SWITCHYARD,SOLANO,PGAE,0.0,0.0,0.0,0.0,0.0,1.0,200.0,0.0,
BIRDS LANDING SWITCHING STATION,SOLANO,PGAE,0.0,0.0,0.0,0.0,0.0,1.0,30.0,200.0,0.2
BIRDS LANDING SUBSTATION,SOLANO,PGAE,0.0,0.0,0.0,0.0,0.0,6.0,911.3,0.0,
BIRDS LANDING SUB,SOLANO,PGAE,0.0,0.0,0.0,0.0,0.0,0.0,0.0,150.0,0.0
BIRDS LANDING,ALAMEDA,PGAE,0.0,0.0,0.0,0.0,0.0,1.0,40.0,0.0,
BETWEEN RIO DEL JUNCTION AND BRIDGEVILLE,HUMBOLDT,PGAE,0.0,0.0,0.0,0.0,0.0,1.0,100.0,0.0,
BETWEEN COTTONWOOD AND VACA-DIXON,COLUSA,PGAE,0.0,0.0,0.0,0.0,0.0,0.0,0.0,715.0,0.0
"BERRENDA ""C"" TAP",KERN,PGAE,0.0,0.0,0.0,0.0,0.0,1.0,110.0,0.0,
BELOTTA,SAN JOAQUIN,PGAE,0.0,0.0,0.0,0.0,0.0,0.0,0.0,132.0,0.0
BELLOTA-WARNERVILLE AND BELLOTA COTTLE LINES,STANISLAUS,PGAE,0.0,0.0,0.0,0.0,0.0,1.0,400.0,0.0,
BELLOTA-WARNERVILLE,SAN JOAQUIN,PGAE,0.0,0.0,0.0,0.0,0.0,1.0,400.0,0.0,
BELLOTA - TESLA #2,SAN JOAQUIN,PGAE,0.0,0.0,0.0,0.0,0.0,1.0,100.0,0.0,
BELLOTA - TESLA,SAN JOAQUIN,PGAE,0.0,0.0,0.0,0.0,0.0,1.0,100.0,0.0,
BISHOP SUBSTATION,CHURCHILL,SCE,0.0,0.0,0.0,0.0,0.0,1.0,52.5,0.0,
BLACKWELL SUBSTATION,KERN,PGAE,0.0,0.0,0.0,0.0,0.0,2.0,36.3,0.0,
BOULEVARD SUB,SAN DIEGO,SDGE,0.0,0.0,0.0,0.0,0.0,2.0,96.4,0.0,
BLACKWELL-CARNERAS,KERN,PGAE,0.0,0.0,0.0,0.0,0.0,1.0,20.0,0.0,
BORREGO SUBSTATION,SAN DIEGO,SDGE,0.0,0.0,0.0,0.0,0.0,11.0,456.3,25.8,17.7
BORDER-SALT CREEK,SAN DIEGO,SDGE,0.0,0.0,0.0,0.0,0.0,1.0,80.0,0.0,
BORDER SUBSTATION,SAN DIEGO,SDGE,0.0,0.0,0.0,0.0,0.0,8.0,448.4,0.0,
BORDER - BORDER TAP,SAN DIEGO,SDGE,0.0,0.0,0.0,0.0,0.0,1.0,100.0,0.0,
BORDER,SAN DIEGO,SDGE,0.0,0.0,0.0,0.0,0.0,1.0,20.0,0.0,
BORDEN SUBSTATION,MERCED,PGAE,0.0,0.0,0.0,0.0,0.0,1.0,206.4,0.0,
BORDEN SUBSTATION,MADERA,PGAE,0.0,0.0,0.0,0.0,0.0,8.0,856.0,0.0,
BORDEN SUB,MADERA,PGAE,0.0,0.0,0.0,0.0,0.0,2.0,280.0,0.0,
BOGUE - RIO OSO,SUTTER,PGAE,0.0,0.0,0.0,0.0,0.0,1.0,50.0,0.0,
BLYTHE-EAGLE MOUNTAIN,RIVERSIDE,SCE,0.0,0.0,0.0,0.0,0.0,2.0,370.0,0.0,
BLYTHE SUBSTATION,RIVERSIDE,SCE,0.0,0.0,0.0,0.0,0.0,2.0,237.0,0.0,
BLYTHE ENERGY PARK #1 (BEP1),RIVERSIDE,SCE,0.0,0.0,0.0,0.0,0.0,1.0,49.0,0.0,
BLUE LAKE POWER SUBSTATION,,PGAE,0.0,0.0,0.0,0.0,0.0,0.0,0.0,0.0,
BLM WEST-KRAMER,SAN BERNARDINO,SCE,0.0,0.0,0.0,0.0,0.0,1.0,450.0,0.0,
BLM SUBSTATION,INYO,SCE,0.0,0.0,0.0,0.0,0.0,1.0,15.0,0.0,
DUNN SIDING SUBSTATION,SAN BERNARDINO,SCE,0.0,0.0,0.0,0.0,0.0,1.0,19.9,0.0,
EAGLE MOUNTAIN SUBSTATION,RIVERSIDE,SCE,0.0,0.0,0.0,0.0,0.0,1.0,320.0,0.0,
LOOP REDMAN-LANCASTER,LOS ANGELES,SCE,0.0,0.0,0.0,0.0,0.0,1.0,20.0,0.0,
JOHANNA SWITCHYARD,ORANGE,SCE,0.0,0.0,0.0,0.0,0.0,3.0,1121.4,0.0,
JAYNE SWITCH STATION,FRESNO,PGAE,0.0,0.0,0.0,0.0,0.0,1.0,61.0,0.0,
JAYNE SW STA-COALINGA #1,FRESNO,PGAE,0.0,0.0,0.0,0.0,0.0,1.0,50.0,0.0,
JAYNE SUBSTATION,FRESNO,PGAE,0.0,0.0,0.0,0.0,0.0,1.0,23.0,0.0,
JASPER SWITCHING STATION,SAN BERNARDINO,SCE,0.0,0.0,0.0,0.0,0.0,1.0,100.0,0.0,
JASPER SUBSTATION,SAN BERNARDINO,SCE,0.0,0.0,0.0,0.0,0.0,3.0,790.0,0.0,
JASPER,SAN BERNARDINO,SCE,0.0,0.0,0.0,0.0,0.0,1.0,100.0,0.0,
JAMESON SUBSTATION,SOLANO,PGAE,0.0,0.0,0.0,0.0,0.0,1.0,15.0,0.0,
JAMACHA - MIGUEL,SAN DIEGO,SDGE,0.0,0.0,0.0,0.0,0.0,1.0,150.0,0.0,
JACOBS CORNER SUBSTATION,KINGS,PGAE,0.0,0.0,0.0,0.0,0.0,3.0,60.0,0.0,
JACOB CORNER SUBSTATION,KINGS,PGAE,0.0,0.0,0.0,0.0,0.0,1.0,13.5,0.0,
IVANPAH SUBSTATION,SAN BERNARDINO,SCE,0.0,0.0,0.0,0.0,0.0,2.0,450.0,132.0,3.4
IRON MOUNTAIN SUBSTATION,SAN BERNARDINO,SCE,0.0,0.0,0.0,0.0,0.0,1.0,250.0,0.0,
INYOKERN-RANDSBURG,KERN,SCE,0.0,0.0,0.0,0.0,0.0,1.0,200.0,0.0,
INYOKERN SUBSTATION,KERN,SCE,0.0,0.0,0.0,0.0,0.0,2.0,290.0,0.0,
INYOKERN SUBSTATION,INYO,SCE,0.0,0.0,0.0,0.0,0.0,1.0,15.0,0.0,
JAYNE SWITCHING STATION,FRESNO,PGAE,0.0,0.0,0.0,0.0,0.0,1.0,50.3,0.0,
JOINTLY-OWNED MOHAVE SWITCHYARD,CLARK,SCE,0.0,0.0,0.0,0.0,0.0,1.0,400.0,0.0,
INNOVATION SUBSTATION,NYE,VEA,0.0,0.0,0.0,0.0,0.0,1.0,203.3,0.0,
JOLON,MONTEREY,PGAE,0.0,0.0,0.0,0.0,0.0,1.0,20.0,0.0,
KENT,KINGS,PGAE,0.0,0.0,0.0,0.0,0.0,0.0,0.0,19.9,0.0
KELSO SWITCHING STATION,CONTRA COSTA,PGAE,0.0,0.0,0.0,0.0,0.0,1.0,100.0,0.0,
KELSO SUBSTATION,ALAMEDA,PGAE,0.0,0.0,0.0,0.0,0.0,2.0,214.5,195.9,1.1
KELSO,CONTRA COSTA,PGAE,0.0,0.0,0.0,0.0,0.0,1.0,34.1,0.0,
"KEIM SUBSTATION,",RIVERSIDE,SCE,0.0,0.0,0.0,0.0,0.0,1.0,200.0,0.0,
KEARNY WEST SUBSTATION,SAN DIEGO,SDGE,0.0,0.0,0.0,0.0,0.0,1.0,10.0,0.0,
KEARNY SUBSTATION,SAN DIEGO,SDGE,0.0,0.0,0.0,0.0,0.0,1.0,120.0,0.0,
KEARNEY SUBSTATION,FRESNO,PGAE,0.0,0.0,0.0,0.0,0.0,2.0,210.0,0.0,
KEARNEY SUB,FRESNO,PGAE,0.0,0.0,0.0,0.0,0.0,1.0,75.0,0.0,
KASSON-MANTECA,SAN JOAQUIN,PGAE,0.0,0.0,0.0,0.0,0.0,1.0,20.0,0.0,
KASSON-LOUISE,SAN JOAQUIN,PGAE,0.0,0.0,0.0,0.0,0.0,1.0,10.0,0.0,
KASSON-LAMMERS,SAN JOAQUIN,PGAE,0.0,0.0,0.0,0.0,0.0,1.0,148.8,0.0,
KASSON STATION,SAN JOAQUIN,PGAE,0.0,0.0,0.0,0.0,0.0,1.0,50.0,0.0,
JULIAN HINDS SUBSTATION,RIVERSIDE,SCE,0.0,0.0,0.0,0.0,0.0,1.0,122.5,520.0,0.2
JULIAN HINDS,RIVERSIDE,SCE,0.0,0.0,0.0,0.0,0.0,1.0,300.0,0.0,
INTERCONNECTION ON SITE,SAN DIEGO,SDGE,0.0,0.0,0.0,0.0,0.0,1.0,99.0,0.0,
IMPERIAL VALLEY SUBSTATION,SONORA,SDGE,0.0,0.0,0.0,0.0,0.0,1.0,500.0,0.0,
KENT SW STA-TULARE LAKE,KINGS,PGAE,0.0,0.0,0.0,0.0,0.0,1.0,0.0,0.0,
HUMBOLDT,HUMBOLDT,PGAE,0.0,0.0,0.0,0.0,0.0,1.0,156.0,0.0,
HONEY LAKE SUBSTATION,LASSEN,PGAE,0.0,0.0,0.0,0.0,0.0,1.0,20.0,0.0,
HOLLISTER SUBSTATION,SAN BENITO,PGAE,0.0,0.0,0.0,0.0,0.0,1.0,110.0,0.0,
HINSON SUB,LOS ANGELES,SCE,0.0,0.0,0.0,0.0,0.0,1.0,613.5,0.0,
HILLSDALE JUNCTION-HALF MOON BAY,SAN MATEO,PGAE,0.0,0.0,0.0,0.0,0.0,0.0,0.0,12.6,0.0
HIGHWIND-WINDHUB,KERN,SCE,0.0,0.0,0.0,0.0,0.0,1.0,1100.0,0.0,
HIGHWIND SUBSTATION,KERN,SCE,0.0,0.0,0.0,0.0,0.0,16.0,3479.8,162.0,21.5
HIGHWIND SUB,KERN,SCE,0.0,0.0,0.0,0.0,0.0,1.0,180.0,0.0,
HIGH WINDS/CONTRA COSTA PP,SOLANO,PGAE,0.0,0.0,0.0,0.0,0.0,0.0,0.0,150.0,0.0
HERNDON - KEARNEY,FRESNO,PGAE,0.0,0.0,0.0,0.0,0.0,1.0,200.6,0.0,
HERDLYN-TRACY LINE,ALAMEDA,PGAE,0.0,0.0,0.0,0.0,0.0,1.0,37.7,0.0,
HERDLYN-BALFOUR,CONTRA COSTA,PGAE,0.0,0.0,0.0,0.0,0.0,1.0,100.0,0.0,
HERDLYN - TRACY,ALAMEDA,PGAE,0.0,0.0,0.0,0.0,0.0,1.0,38.5,0.0,
HENRIETTA-LEPRINO FOOD,KINGS,PGAE,0.0,0.0,0.0,0.0,0.0,1.0,80.0,0.0,
HENRIETTA-JACOBS CORNER,KINGS,PGAE,0.0,0.0,0.0,0.0,0.0,0.0,0.0,20.0,0.0
HENRIETTA-GWF,TULARE,PGAE,0.0,0.0,0.0,0.0,0.0,1.0,20.0,0.0,
HOODOO WASH - HASSAYAMPA,MARICOPA,SDGE,0.0,0.0,0.0,0.0,0.0,1.0,800.0,0.0,
HUMBOLDT BAY POWER PLANT SUB,HUMBOLDT,PGAE,0.0,0.0,0.0,0.0,0.0,1.0,147.0,0.0,
IMPERIAL VALLEY SUBSTATION,ENSENADA,SDGE,0.0,0.0,0.0,0.0,0.0,1.0,508.0,0.0,
HUMBOLDT BAY-HUMBOLDT #1,HUMBOLDT,PGAE,0.0,0.0,0.0,0.0,0.0,1.0,166.5,0.0,
IMPERIAL VALLEY SUBSTATION,BAJA CALIFORNIA,SDGE,0.0,0.0,0.0,0.0,0.0,2.0,475.6,0.0,
IMPERIAL VALLEY SUB,IMPERIAL,SDGE,0.0,0.0,0.0,0.0,0.0,6.0,1884.0,0.0,
IMPERIAL VALLEY SUB,BAJA CALIFORNIA,SDGE,0.0,0.0,0.0,0.0,0.0,1.0,300.0,0.0,
IMPERIAL VALLEY 230-KV SUBSTATION,IMPERIAL,SDGE,0.0,0.0,0.0,0.0,0.0,1.0,510.0,0.0,
IMPERIAL VALLEY - MIGUEL,BAJA CALIFORNIA,SDGE,0.0,0.0,0.0,0.0,0.0,1.0,500.0,0.0,
IMPERIAL VALLEY,IMPERIAL,SDGE,0.0,0.0,0.0,0.0,0.0,6.0,1008.6,0.0,
IMPERIAL VALLEY,ENSENADA/MEXICALI/TECATE,SDGE,0.0,0.0,0.0,0.0,0.0,1.0,500.0,0.0,
IMPERIAL VALLEY,BAJA CALIFORNIA,SDGE,0.0,0.0,0.0,0.0,0.0,2.0,2000.0,0.0,
IGNACIO SUBSTATION,MARIN,PGAE,0.0,0.0,0.0,0.0,0.0,1.0,300.0,0.0,
IGNACIO,MARIN,PGAE,0.0,0.0,0.0,0.0,0.0,1.0,300.0,0.0,
HURON SUBSTATION,KERN,PGAE,0.0,0.0,0.0,0.0,0.0,1.0,91.7,0.0,
HURON SUBSTATION,FRESNO,PGAE,0.0,0.0,0.0,0.0,0.0,1.0,100.0,0.0,
HUNTINGTON BEACH SWITCHING STATION,ORANGE,SCE,0.0,0.0,0.0,0.0,0.0,2.0,997.9,0.0,
HUMBOLDT-BRIDGEVILLE,HUMBOLDT,PGAE,0.0,0.0,0.0,0.0,0.0,1.0,72.0,0.0,
HUMBOLDT POWER PLANT SUBSTATION,HUMBOLDT,PGAE,0.0,0.0,0.0,0.0,0.0,0.0,0.0,146.4,0.0
KENT SW STA,KINGS,PGAE,0.0,0.0,0.0,0.0,0.0,2.0,70.0,0.0,
KERMAN-HELM,FRESNO,PGAE,0.0,0.0,0.0,0.0,0.0,0.0,0.0,0.6,0.0
HENRIETTA-GUERNSEY,KINGS,PGAE,0.0,0.0,0.0,0.0,0.0,1.0,20.0,0.0,
"LIGHTHIPE SUBSTATION  BATTERIES, INVERTERS, STEP UP TRANSFORMER AND A",LOS ANGELES,SCE,0.0,0.0,0.0,0.0,0.0,1.0,201.5,0.0,
LERDO,KERN,PGAE,0.0,0.0,0.0,0.0,0.0,1.0,50.0,0.0,
LEPRINO FOOD (LEMOORE),KINGS,PGAE,0.0,0.0,0.0,0.0,0.0,0.0,0.0,20.0,0.0
LEMOORE-HENRIETTA,KINGS,PGAE,0.0,0.0,0.0,0.0,0.0,1.0,49.0,0.0,
LEGRAND - DAIRYLAND,MADERA,PGAE,0.0,0.0,0.0,0.0,0.0,1.0,102.0,0.0,
LE GRAND-CHOWCILLA,MADERA,PGAE,0.0,0.0,0.0,0.0,0.0,0.0,0.0,10.5,0.0
LE GRAND SUBSTATION,MERCED,PGAE,0.0,0.0,0.0,0.0,0.0,3.0,300.0,0.0,
LE GRAND,MERCED,PGAE,0.0,0.0,0.0,0.0,0.0,2.0,150.0,0.0,
LAS POSITAS,SAN MATEO,PGAE,0.0,0.0,0.0,0.0,0.0,1.0,50.0,0.0,
LANCASTER-REDMAN-PURIFY,LOS ANGELES,SCE,0.0,0.0,0.0,0.0,0.0,1.0,20.0,0.0,
LANCASTER-REDMAN,LOS ANGELES,SCE,0.0,0.0,0.0,0.0,0.0,1.0,30.0,0.0,
LANCASTER-PURIFY-REDMAN,LOS ANGELES,SCE,0.0,0.0,0.0,0.0,0.0,1.0,20.0,0.0,
,FRESNO,PGAE,0.0,0.0,0.0,0.0,0.0,2.0,151.9,0.0,
LANCASTER REDMAN,LOS ANGELES,SCE,0.0,0.0,0.0,0.0,0.0,1.0,100.0,0.0,
LAMONT SUBSTATION,KERN,PGAE,0.0,0.0,0.0,0.0,0.0,4.0,295.0,0.0,
LAMMERS,SAN JOAQUIN,PGAE,0.0,0.0,0.0,0.0,0.0,1.0,150.0,0.0,
LIEBERT,IMPERIAL,IID,0.0,0.0,0.0,0.0,0.0,1.0,103.0,0.0,
LILAC RINCON,SAN DIEGO,SDGE,0.0,0.0,0.0,0.0,0.0,1.0,49.0,0.0,
LAMBIE-CONTRA COSTA,SOLANO,PGAE,0.0,0.0,0.0,0.0,0.0,0.0,0.0,128.0,0.0
LINE TAP TO,YOLO,PGAE,0.0,0.0,0.0,0.0,0.0,1.0,20.0,0.0,
LOOP LOVELAND - LOS COCHES,SAN DIEGO,SDGE,0.0,0.0,0.0,0.0,0.0,1.0,80.0,0.0,
LOOP LAKESVILLE-SOBRANTE AND LAKESVILLE-IGNACIO,SOLANO,PGAE,0.0,0.0,0.0,0.0,0.0,1.0,730.0,0.0,
LOOP GOLD HILL-EIGHT MILE ROAD,SAN JOAQUIN,PGAE,0.0,0.0,0.0,0.0,0.0,1.0,260.0,0.0,
LOOP CENTER-MESA AND CENTER-OLINDA,LOS ANGELES,SCE,0.0,0.0,0.0,0.0,0.0,1.0,910.0,0.0,
LONG BEACH SUBSTATION,LOS ANGELES,SCE,0.0,0.0,0.0,0.0,0.0,1.0,557.3,0.0,
LONG BEACH GEN STATION,LOS ANGELES,SCE,0.0,0.0,0.0,0.0,0.0,1.0,424.8,0.0,
LONE TREE-CAYETANO AT THE JACKSON SUBSTATION,CONTRA COSTA,PGAE,0.0,0.0,0.0,0.0,0.0,0.0,0.0,3.1,0.0
LOGAN CREEK-DELEVAN,GLENN,PGAE,0.0,0.0,0.0,0.0,0.0,1.0,150.0,0.0,
LOGAN CREEK - DELEVAN LINE TAP,COLUSA,PGAE,0.0,0.0,0.0,0.0,0.0,1.0,500.0,0.0,
LODI STIG,SAN JOAQUIN,PGAE,0.0,0.0,0.0,0.0,0.0,0.0,0.0,24.0,0.0
LLAGAS SUBSTATION,SANTA CLARA,PGAE,0.0,0.0,0.0,0.0,0.0,1.0,100.0,0.0,
LIVINGSTON SUBSTATION,MERCED,PGAE,0.0,0.0,0.0,0.0,0.0,1.0,65.0,0.0,
LITTLE ROCK-PIUTE,LOS ANGELES,SCE,0.0,0.0,0.0,0.0,0.0,1.0,20.0,0.0,
LITTLE ROCK SUBSTATION,KERN,SCE,0.0,0.0,0.0,0.0,0.0,1.0,40.0,0.0,
LINE TO BE CONSTRUCTED 1 MILE SOUTH & TIE INTO SCE,RIVERSIDE,SCE,0.0,0.0,0.0,0.0,0.0,1.0,20.0,0.0,
LAMBIE-CONTRA COSTA SUBSTATION,SOLANO,PGAE,0.0,0.0,0.0,0.0,0.0,1.0,390.4,0.0,
LAMBIE SWITCHING STATION,SOLANO,PGAE,0.0,0.0,0.0,0.0,0.0,3.0,9.0,0.0,
KERMAN-HELMS,FRESNO,PGAE,0.0,0.0,0.0,0.0,0.0,1.0,10.0,0.0,
KRAMER-COOL WATER,KERN,SCE,0.0,0.0,0.0,0.0,0.0,1.0,100.0,0.0,
KRAMER SUBSTATION,INYO,SCE,0.0,0.0,0.0,0.0,0.0,1.0,15.0,0.0,
KRAMER SUB,INYO,SCE,0.0,0.0,0.0,0.0,0.0,1.0,95.0,0.0,
KRAMER JUNCTION SUBSTATION,SAN BERNARDINO,SCE,0.0,0.0,0.0,0.0,0.0,2.0,650.0,100.0,6.5
KRAMER,SAN BERNARDINO,SCE,0.0,0.0,0.0,0.0,0.0,4.0,805.1,0.0,
KRAMER,INYO,SCE,0.0,0.0,0.0,0.0,0.0,2.0,284.7,0.0,
KONOCTI SUBSTATION,LAKE,PGAE,0.0,0.0,0.0,0.0,0.0,1.0,40.0,0.0,
KERN-OLD RIVER #1,KERN,PGAE,0.0,0.0,0.0,0.0,0.0,0.0,0.0,20.0,0.0
KERN RIVER-CUMMINGS,KERN,SCE,0.0,0.0,0.0,0.0,0.0,2.0,40.0,0.0,
KERN RIDGE SUBSTATION,KERN,PGAE,0.0,0.0,0.0,0.0,0.0,1.0,0.0,0.0,
KERN PP SUBSTATION,KERN,PGAE,0.0,0.0,0.0,0.0,0.0,1.0,150.0,0.0,
KERN OLD RIVER #2,KERN,PGAE,0.0,0.0,0.0,0.0,0.0,1.0,20.0,0.0,
KERN OIL SUBSTATION,KERN,PGAE,0.0,0.0,0.0,0.0,0.0,1.0,94.0,0.0,
KERN - OLD RIVER #2,KERN,PGAE,0.0,0.0,0.0,0.0,0.0,1.0,100.0,0.0,
KERN - OLD RIVER #1,KERN,PGAE,0.0,0.0,0.0,0.0,0.0,1.0,150.0,0.0,
KERMAN-SAN JOAQUIN,FRESNO,PGAE,0.0,0.0,0.0,0.0,0.0,1.0,10.0,0.0,
KRAMER-BLM WEST,KERN,SCE,0.0,0.0,0.0,0.0,0.0,1.0,500.0,0.0,
KRAMER-INYOKERN-RANDSBERG NO. 1,KERN,SCE,0.0,0.0,0.0,0.0,0.0,1.0,100.0,0.0,
LAMBIE SW STATION-BIRDS LANDING,SOLANO,PGAE,0.0,0.0,0.0,0.0,0.0,1.0,350.0,0.0,
KRAMER-INYOKERN-RANDSBERG NO. 3,KERN,SCE,0.0,0.0,0.0,0.0,0.0,1.0,100.0,0.0,
LAKEVILLE #2,MARIN,PGAE,0.0,0.0,0.0,0.0,0.0,1.0,9.9,0.0,
LAKEVILLE,SONOMA,PGAE,0.0,0.0,0.0,0.0,0.0,4.0,600.0,0.0,
LAKEVIEW SUBSTATION,KERN,PGAE,0.0,0.0,0.0,0.0,0.0,1.0,20.3,0.0,
LAKEVIEW SUB,KERN,PGAE,0.0,0.0,0.0,0.0,0.0,1.0,20.0,0.0,
LAKE HODGES METERING SWITCHYARD,SAN DIEGO,SDGE,0.0,0.0,0.0,0.0,0.0,0.0,0.0,40.0,0.0
LAGUNA BELL SUB,LOS ANGELES,SCE,0.0,0.0,0.0,0.0,0.0,2.0,914.0,0.0,
KYOHO TAP,SAN JOAQUIN,PGAE,0.0,0.0,0.0,0.0,0.0,1.0,60.0,0.0,
KRAMER-VICTOR #1,SAN BERNARDINO,SCE,0.0,0.0,0.0,0.0,0.0,1.0,200.0,0.0,
KRAMER-VICTOR,SAN BERNARDINO,SCE,0.0,0.0,0.0,0.0,0.0,1.0,20.0,0.0,
KRAMER-TORTILLA,KERN,SCE,0.0,0.0,0.0,0.0,0.0,1.0,100.0,0.0,
KRAMER-RANSBURG,KERN,SCE,0.0,0.0,0.0,0.0,0.0,1.0,20.0,0.0,
KRAMER-LUGO #1,SAN BERNARDINO,SCE,0.0,0.0,0.0,0.0,0.0,1.0,400.0,0.0,
KRAMER-INYOKERN-RANDSBURG NO.1,SAN BERNARDINO,SCE,0.0,0.0,0.0,0.0,0.0,1.0,100.0,0.0,
KRAMER-INYOKERN-RANDSBURG #3,KERN,SCE,0.0,0.0,0.0,0.0,0.0,1.0,120.0,0.0,
KRAMER-INYOKERN-RANDSBURG #1,KERN,SCE,0.0,0.0,0.0,0.0,0.0,1.0,75.0,0.0,
HENRIETTA-GWF,KINGS,PGAE,0.0,0.0,0.0,0.0,0.0,2.0,40.0,113.5,0.4
HENRIETTA TULARE,KINGS,PGAE,0.0,0.0,0.0,0.0,0.0,2.0,37.8,0.0,
EAGLE MOUNTAIN SUBSTATION,SAN BERNARDINO,SCE,0.0,0.0,0.0,0.0,0.0,1.0,250.0,0.0,
EXCELSIOR SWITCHING STATION,FRESNO,PGAE,0.0,0.0,0.0,0.0,0.0,1.0,0.0,0.0,
EVERGREEN SUBSTATION,SANTA CLARA,PGAE,0.0,0.0,0.0,0.0,0.0,1.0,20.0,0.0,
EVERGREEN,SANTA CLARA,PGAE,0.0,0.0,0.0,0.0,0.0,1.0,95.0,0.0,
ETIWANDA,SAN BERNARDINO,SCE,0.0,0.0,0.0,0.0,0.0,2.0,827.0,0.0,
ENCINA SUBSTATION,SAN DIEGO,SDGE,0.0,0.0,0.0,0.0,0.0,3.0,441.0,316.8,1.4
ENCINA SUBSTATION,SAN DIEGO,,0.0,0.0,0.0,0.0,0.0,1.0,160.0,0.0,
ENCINA POWER PLANT SWITCHYARD,SAN DIEGO,SDGE,0.0,0.0,0.0,0.0,0.0,1.0,900.0,0.0,
ELLIS-SANTIAGO LINE,ORANGE,SCE,0.0,0.0,0.0,0.0,0.0,2.0,1003.4,0.0,
ELLIS-SANTIAGO,ORANGE,SCE,0.0,0.0,0.0,0.0,0.0,1.0,118.0,0.0,
ELLIS SUBSTATION,ORANGE,SCE,0.0,0.0,0.0,0.0,0.0,1.0,200.0,0.0,
ELK-GUALALA,MENDOCINO,PGAE,0.0,0.0,0.0,0.0,0.0,1.0,30.0,0.0,
ELK HILLS TAFT,KERN,PGAE,0.0,0.0,0.0,0.0,0.0,1.0,20.0,0.0,
ELK CREEK,GLENN,PGAE,0.0,0.0,0.0,0.0,0.0,2.0,38.0,0.0,
ELDORADO-PISGAH #2,SAN BERNARDINO,SCE,0.0,0.0,0.0,0.0,0.0,1.0,20.0,0.0,
ELDORADO-IVANPAH,CLARK,SCE,0.0,0.0,0.0,0.0,0.0,0.0,0.0,250.0,0.0
ELDORADO-BAKER-COOL WATER-DUNN SIDING-MOUNTAIN PASS,SAN BERNARDINO,SCE,0.0,0.0,0.0,0.0,0.0,1.0,350.0,258.0,1.4
EXCELSIOR SWITCH STATION,FRESNO,PGAE,0.0,0.0,0.0,0.0,0.0,1.0,202.9,0.0,
EXCELSIOR SWITCHING STATION LOCATED ON THE PANOCHE-SCHINDLER NO.1 & 2,FRESNO,PGAE,0.0,0.0,0.0,0.0,0.0,1.0,80.8,0.0,
ELDORADO SWITCHYARD,CLARK,SCE,0.0,0.0,0.0,0.0,0.0,1.0,634.0,0.0,
EXCHEQUER-LEGRAND,MARIPOSA,PGAE,0.0,0.0,0.0,0.0,0.0,1.0,110.0,0.0,
GATES - COALINGA #2 LINE,FRESNO,PGAE,0.0,0.0,0.0,0.0,0.0,1.0,70.0,0.0,
GATES - COALINGA #1,FRESNO,PGAE,0.0,0.0,0.0,0.0,0.0,4.0,63.0,0.0,
GAMEBIRD SUBSTATION,NYE,VEA,0.0,0.0,0.0,0.0,0.0,4.0,1199.0,0.0,
FULTON-IGNACIO,MARIN,PGAE,0.0,0.0,0.0,0.0,0.0,1.0,175.0,0.0,
FULTON,LAKE,PGAE,0.0,0.0,0.0,0.0,0.0,0.0,0.0,25.0,0.0
FRIARS SUBSTATION,SAN DIEGO,SDGE,0.0,0.0,0.0,0.0,0.0,1.0,50.0,0.0,
FOUR CORNERS SUB,LINCOLN,SCE,0.0,0.0,0.0,0.0,0.0,1.0,1700.0,0.0,
FORT BRAGG SUBSTATION,MENDOCINO,PGAE,0.0,0.0,0.0,0.0,0.0,1.0,40.0,0.0,
FMC SUBSTATION,SANTA CLARA,PGAE,0.0,0.0,0.0,0.0,0.0,2.0,170.0,0.0,
FIVE POINTS SUBSTATION,FRESNO,PGAE,0.0,0.0,0.0,0.0,0.0,1.0,60.0,0.0,
FINK,STANISLAUS,PGAE,0.0,0.0,0.0,0.0,0.0,0.0,0.0,300.0,0.0
FIBREBOARD TAP,CONTRA COSTA,PGAE,0.0,0.0,0.0,0.0,0.0,1.0,160.0,0.0,
FAMOSO SUBSTATION,KERN,PGAE,0.0,0.0,0.0,0.0,0.0,3.0,174.9,0.0,
FAIRHAVEN SUBSTATION,HUMBOLDT,PGAE,0.0,0.0,0.0,0.0,0.0,1.0,40.0,0.0,
EXISTING RADIAL,SAN DIEGO,SDGE,0.0,0.0,0.0,0.0,0.0,1.0,93.0,0.0,
ELDORADO-BAKER- COOLWATER-DUNN SIDING-MOUNTAIN PASS,SAN BERNARDINO,SCE,0.0,0.0,0.0,0.0,0.0,1.0,80.0,0.0,
ELDORADO SUBSTATION,RIVERSIDE,SCE,0.0,0.0,0.0,0.0,0.0,1.0,900.0,0.0,
GATES - MIDWAY,KINGS,PGAE,0.0,0.0,0.0,0.0,0.0,1.0,110.0,0.0,
ECO SUBSTATION,SAN DIEGO,SDGE,0.0,0.0,0.0,0.0,0.0,1.0,20.0,0.0,
ECO SUB,BAJA CALIFORNIA,SDGE,0.0,0.0,0.0,0.0,0.0,1.0,540.0,0.0,
ECO,SAN DIEGO,SDGE,0.0,0.0,0.0,0.0,0.0,1.0,200.0,0.0,
EASTSHORE SUBSTATION,ALAMEDA,PGAE,0.0,0.0,0.0,0.0,0.0,1.0,118.0,624.0,0.2
EASTSHORE STATION,ALAMEDA,PGAE,0.0,0.0,0.0,0.0,0.0,1.0,65.0,0.0,
EASTSHORE,KERN,PGAE,0.0,0.0,0.0,0.0,0.0,1.0,77.5,0.0,
EASTGATE SUBSTATION,SAN DIEGO,SDGE,0.0,0.0,0.0,0.0,0.0,1.0,150.0,0.0,
EAST NICOLAUS,SUTTER,PGAE,0.0,0.0,0.0,0.0,0.0,2.0,84.0,0.0,
EAST COUNTY SUBSTATION,TECATE BAJA CALIFORNIA MEXICO,SDGE,0.0,0.0,0.0,0.0,0.0,1.0,900.0,0.0,
EAST COUNTY SUBSTATION,SAN DIEGO,SDGE,0.0,0.0,0.0,0.0,0.0,2.0,70.2,20.0,3.5
EAST COUNTY SUBSTATION,BAJA CALIFORNIA,SDGE,0.0,0.0,0.0,0.0,0.0,1.0,300.0,256.0,1.2
EAST COUNTY (ECO) SUBSTATION,SAN DIEGO,SDGE,0.0,0.0,0.0,0.0,0.0,1.0,20.0,0.0,
EAST COUNTY (ECO) SUBSTATION,BAJA CALIFORNIA,SDGE,0.0,0.0,0.0,0.0,0.0,2.0,720.0,0.0,
EAGLE ROCK SUBSTATION,MENDOCINO,PGAE,0.0,0.0,0.0,0.0,0.0,1.0,126.0,0.0,
EAGLE MOUNTAIN-BLYTHE SCE,RIVERSIDE,SCE,0.0,0.0,0.0,0.0,0.0,1.0,20.0,0.0,
EAGLE MOUNTAIN-BLYTHE,RIVERSIDE,SCE,0.0,0.0,0.0,0.0,0.0,2.0,220.0,0.0,
ECO SUB,IMPERIAL,SDGE,0.0,0.0,0.0,0.0,0.0,1.0,1080.0,0.0,
ECO-MIGUEL,SAN DIEGO,SDGE,0.0,0.0,0.0,0.0,0.0,1.0,400.0,0.0,
ELDORADO SUBSTATION,PLATTE,SCE,0.0,0.0,0.0,0.0,0.0,1.0,3000.0,0.0,
EITHER GOLDTOWN-CORUM OR GOLDTOWN-LANCASTER,KERN,SCE,0.0,0.0,0.0,0.0,0.0,1.0,20.0,0.0,
ELDORADO SUBSTATION,LINCOLN,SCE,0.0,0.0,0.0,0.0,0.0,1.0,960.0,0.0,
ELDORADO SUBSATION,CLARK,SCE,0.0,0.0,0.0,0.0,0.0,1.0,240.0,0.0,
ELDORADO SUB,CLARK,SCE,0.0,0.0,0.0,0.0,0.0,1.0,300.0,0.0,
ELDORADO BAKER COOL WATER DUNN SIDING MOUNTAIN PASS,SAN BERNARDINO,SCE,0.0,0.0,0.0,0.0,0.0,1.0,250.0,0.0,
ELDORADO 500/,CLARK,SCE,0.0,0.0,0.0,0.0,0.0,1.0,591.0,0.0,
ELDORADO,CLARK,SCE,0.0,0.0,0.0,0.0,0.0,2.0,1225.0,0.0,
EL SEQUNDO,LOS ANGELES,SCE,0.0,0.0,0.0,0.0,0.0,1.0,200.0,0.0,
EL SEGUNDO SUBSTATION,LOS ANGELES,SCE,0.0,0.0,0.0,0.0,0.0,1.0,435.0,0.0,
EL SEGUNDO,LOS ANGELES,SCE,0.0,0.0,0.0,0.0,0.0,0.0,0.0,570.0,0.0
EL NIDO SUBSTATION,MERCED,PGAE,0.0,0.0,0.0,0.0,0.0,2.0,230.0,0.0,
EL DORADO-IVANPAH,SAN BERNARDINO,SCE,0.0,0.0,0.0,0.0,0.0,1.0,375.0,0.0,
EL DORADO,CLARK,SCE,0.0,0.0,0.0,0.0,0.0,3.0,779.0,0.0,
EL CASCO,RIVERSIDE,SCE,0.0,0.0,0.0,0.0,0.0,1.0,150.0,0.0,
EL CAPITAN SUBSTATION,TBD,PGAE,0.0,0.0,0.0,0.0,0.0,1.0,175.0,0.0,
EL CAJON SUBSTATION,SAN DIEGO,SDGE,0.0,0.0,0.0,0.0,0.0,0.0,0.0,149.9,0.0
GATES - MIDWAY,KERN,PGAE,0.0,0.0,0.0,0.0,0.0,2.0,600.0,0.0,
GATES SUB,FRESNO,PGAE,0.0,0.0,0.0,0.0,0.0,1.0,300.0,0.0,
HENRIETTA SUBSTATION -,KINGS,PGAE,0.0,0.0,0.0,0.0,0.0,1.0,25.0,0.0,
HASSAYAMPA SWITCHYARD COMMON BUS,MARICOPA,SDGE,0.0,0.0,0.0,0.0,0.0,1.0,250.0,0.0,
HASSAYAMPA SUBSTATION,MARICOPA,SDGE,0.0,0.0,0.0,0.0,0.0,1.0,150.0,0.0,
HASSAYAMPA - N. GILA,MARICOPA,SDGE,0.0,0.0,0.0,0.0,0.0,1.0,250.0,0.0,
HASSAYAMPA,MARICOPA,SDGE,0.0,0.0,0.0,0.0,0.0,1.0,300.0,0.0,
HARRY ALLEN-ELDORADO,TWIN FALLS,DSLK,0.0,0.0,0.0,0.0,0.0,1.0,800.0,0.0,
HARRY ALLEN-ELDORADO,LINCOLN,DSLK,0.0,0.0,0.0,0.0,0.0,1.0,1050.0,0.0,
HARQUAHALA SUBSTATION,MARICOPA,SCE,0.0,0.0,0.0,0.0,0.0,2.0,1000.0,0.0,
HARDWICK,KINGS,PGAE,0.0,0.0,0.0,0.0,0.0,1.0,13.4,0.0,
HARBORGEN SUBSTATION,LOS ANGELES,SCE,0.0,0.0,0.0,0.0,0.0,1.0,220.0,0.0,
HARBOR COGENERATION FACILITY,LOS ANGELES,SCE,0.0,0.0,0.0,0.0,0.0,1.0,28.0,0.0,
HANFORD SWITCHYARD,KINGS,PGAE,0.0,0.0,0.0,0.0,0.0,2.0,126.0,0.0,
HAMMOND SUB,FRESNO,PGAE,0.0,0.0,0.0,0.0,0.0,1.0,90.0,0.0,
HALSEY SUBSTATION,PLACER,PGAE,0.0,0.0,0.0,0.0,0.0,2.0,31.0,0.0,
HALF MOON BAY SUBSTATION,SAN MATEO,PGAE,0.0,0.0,0.0,0.0,0.0,1.0,20.0,0.0,
GWF HANFORD,KINGS,PGAE,0.0,0.0,0.0,0.0,0.0,0.0,0.0,32.0,0.0
GUERNSEY SUBSTATION,KINGS,PGAE,0.0,0.0,0.0,0.0,0.0,1.0,60.0,0.0,
HASSAYAMPA SWITCHYARD,MARICOPA,SDGE,0.0,0.0,0.0,0.0,0.0,1.0,125.0,0.0,
HASSAYAMPA-NORTH GILA,HYDER,SDGE,0.0,0.0,0.0,0.0,0.0,1.0,238.0,0.0,
GREGG SUBSTATION,TBD,PGAE,0.0,0.0,0.0,0.0,0.0,1.0,350.0,0.0,
HASSAYAMPA-NORTH GILA,YUMA,SDGE,0.0,0.0,0.0,0.0,0.0,3.0,1238.0,0.0,
HENRIETTA SUBSTATION,KINGS,PGAE,0.0,0.0,0.0,0.0,0.0,2.0,470.0,0.0,
HENRIETTA SUBSTANTION,KINGS,PGAE,0.0,0.0,0.0,0.0,0.0,1.0,97.2,0.0,
HENRIETTA - TULARE,KINGS,PGAE,0.0,0.0,0.0,0.0,0.0,1.0,15.0,0.0,
HENRIETTA - LEMOORE,KINGS,PGAE,0.0,0.0,0.0,0.0,0.0,1.0,19.2,0.0,
HENREITTA-GWF,KINGS,PGAE,0.0,0.0,0.0,0.0,0.0,1.0,20.0,0.0,
HELMS-SCHINDLER,FRESNO,PGAE,0.0,0.0,0.0,0.0,0.0,1.0,20.0,0.0,
HELM-STROUD SW STA,FRESNO,PGAE,0.0,0.0,0.0,0.0,0.0,1.0,169.0,0.0,
HELM-PANOCHE,FRESNO,PGAE,0.0,0.0,0.0,0.0,0.0,0.0,0.0,200.0,0.0
HELM-FIREBAUGH,FRESNO,PGAE,0.0,0.0,0.0,0.0,0.0,1.0,247.0,0.0,
HELM SUBSTATION,TBD,PGAE,0.0,0.0,0.0,0.0,0.0,1.0,425.0,0.0,
HELM SUBSTATION,KINGS,PGAE,0.0,0.0,0.0,0.0,0.0,1.0,200.0,0.0,
HELM SUBSTATION,FRESNO,PGAE,0.0,0.0,0.0,0.0,0.0,1.0,23.0,0.0,
HELM SUB,FRESNO,PGAE,0.0,0.0,0.0,0.0,0.0,1.0,20.0,0.0,
HELM,FRESNO,PGAE,0.0,0.0,0.0,0.0,0.0,2.0,31.8,0.0,
HELIJET-LITTLE ROCK-PALMDALE-ROCKAIR,LOS ANGELES,SCE,0.0,0.0,0.0,0.0,0.0,3.0,250.0,0.0,
GUERNSEY - HENRIETTA,KINGS,PGAE,0.0,0.0,0.0,0.0,0.0,3.0,89.8,0.0,
GREGG SUBSTATION,MADERA,PGAE,0.0,0.0,0.0,0.0,0.0,1.0,150.0,0.0,
GATES SUB,KINGS,PGAE,0.0,0.0,0.0,0.0,0.0,1.0,800.0,0.0,
GEYSERS-FULTON,SONOMA,PGAE,0.0,0.0,0.0,0.0,0.0,1.0,50.0,0.0,
GEYSERS #3 CLOVERDALE,SONOMA,PGAE,0.0,0.0,0.0,0.0,0.0,1.0,40.0,0.0,
GEYSERS #3 - CLOVERDALE,SONOMA,PGAE,0.0,0.0,0.0,0.0,0.0,1.0,35.0,0.0,
GEYSERS #17-FULTON,SONOMA,PGAE,0.0,0.0,0.0,0.0,0.0,1.0,42.0,0.0,
GEYSERS #12-FULTON,LAKE,PGAE,0.0,0.0,0.0,0.0,0.0,0.0,0.0,13.0,0.0
GEYERS 17- FULTON #2,LAKE,PGAE,0.0,0.0,0.0,0.0,0.0,1.0,50.0,0.0,
GATES-TEMPLETON,KINGS,PGAE,0.0,0.0,0.0,0.0,0.0,1.0,500.0,0.0,
GATES-MCCALL,FRESNO,PGAE,0.0,0.0,0.0,0.0,0.0,1.0,100.0,0.0,
GATES-GREGG,KINGS,PGAE,0.0,0.0,0.0,0.0,0.0,1.0,600.0,100.0,6.0
GATES-COALINGA #2,FRESNO,PGAE,0.0,0.0,0.0,0.0,0.0,2.0,125.6,0.0,
GATES-COALINGA #1,FRESNO,PGAE,0.0,0.0,0.0,0.0,0.0,1.0,40.0,0.0,
GATES-COALINGA,FRESNO,PGAE,0.0,0.0,0.0,0.0,0.0,1.0,1.5,18.0,0.1
GATES- TEMPLETON,KINGS,PGAE,0.0,0.0,0.0,0.0,0.0,1.0,350.0,0.0,
GATES SUBSTATION (ARCO - GATES,KINGS,PGAE,0.0,0.0,0.0,0.0,0.0,1.0,620.0,0.0,
GATES SUBSTATION,KINGS,PGAE,0.0,0.0,0.0,0.0,0.0,2.0,850.0,250.0,3.4
GATES SUBSTATION,FRESNO,PGAE,0.0,0.0,0.0,0.0,0.0,10.0,1713.5,170.0,10.1
GEYSERS 17-FULTON,SONOMA,PGAE,0.0,0.0,0.0,0.0,0.0,1.0,74.0,0.0,
GIFFEN SUBSTATION,FRESNO,PGAE,0.0,0.0,0.0,0.0,0.0,1.0,17.9,20.0,0.9
GREGG,MADERA,PGAE,0.0,0.0,0.0,0.0,0.0,1.0,150.0,0.0,
GLENN #3,BUTTE,PGAE,0.0,0.0,0.0,0.0,0.0,1.0,20.0,0.0,
GREENLEAF #1 TAP,SUTTER,PGAE,0.0,0.0,0.0,0.0,0.0,1.0,45.0,0.0,
GREEN VALLEY SUBSTATION,SANTA CRUZ,PGAE,0.0,0.0,0.0,0.0,0.0,1.0,200.0,0.0,
GRANT-EASTSHORE #1,ALAMEDA,PGAE,0.0,0.0,0.0,0.0,0.0,1.0,250.0,0.0,
GRANT EASTSHORE #1,ALAMEDA,PGAE,0.0,0.0,0.0,0.0,0.0,1.0,99.0,0.0,
GRANT - EASTSHORE #2 LINE,ALAMEDA,PGAE,0.0,0.0,0.0,0.0,0.0,1.0,100.0,0.0,
GRANT - EASTSHORE #2,ALAMEDA,PGAE,0.0,0.0,0.0,0.0,0.0,1.0,150.0,0.0,
GORMAN-KERN RIVER,KERN,SCE,0.0,0.0,0.0,0.0,0.0,1.0,49.0,0.0,
GOLETA SUBSTATION,VENTURA,SCE,0.0,0.0,0.0,0.0,0.0,1.0,200.0,0.0,
GOLETA SUBSTATION,SANTA BARBARA,SCE,0.0,0.0,0.0,0.0,0.0,1.0,750.0,0.0,
GOLDTOWN-LANCASTER,KERN,SCE,0.0,0.0,0.0,0.0,0.0,3.0,212.6,0.0,
GOLDTOWN-CORUM OR GOLDTOWN-LANCASTER,KERN,SCE,0.0,0.0,0.0,0.0,0.0,1.0,20.0,0.0,
GOLDTOWN-CORUM,KERN,SCE,0.0,0.0,0.0,0.0,0.0,2.0,39.9,0.0,
GOLDTOWN SUBSTATION,KERN,SCE,0.0,0.0,0.0,0.0,0.0,2.0,79.9,0.0,
GOLD HILL-EIGHT MILE ROAD,SACRAMENTO,PGAE,0.0,0.0,0.0,0.0,0.0,1.0,200.0,0.0,
GOLD HILL-EIGHT MILE,SAN JOAQUIN,PGAE,0.0,0.0,0.0,0.0,0.0,0.0,0.0,280.0,0.0
ZONDWIND SUB,KERN,SCE,0.0,0.0,0.0,0.0,0.0,1.0,20.0,0.0,
