node_key,poi_base,lat,lon,osm_name,geo_score,geo_method
WINDHUB,WINDHUB SUBSTATION,35.0349893,-118.2808562,Windhub Substation,1.0,exact
RED BLUFF,RED BLUFF SUBSTATION,33.6988312,-115.3128761,Red Bluff Substation,0.5,ambiguous
VINCENT,VINCENT SUBSTATION,34.4859441,-118.1196772,Vincent Substation,1.0,exact
WHIRLWIND,WHIRLWIND SUBSTATION,34.8578451,-118.4373291,Whirlwind Substation,1.0,exact
DELANEY COLORADO RIVER,DELANEY-COLORADO RIVER,33.5806241,-114.8172191,Colorado River Substation,0.7,line-one-end
TROUT CANYON,TROUT CANYON SUBSTATION,,,,0.78,none
DRY LAKE,DRY LAKE SW STA,35.753928,-119.744631,CAISO notice 2026-01-15 'PG&E information on POI availability for Cluster 16': p,1.0,override
MANNING,MANNING,,,,0.67,none
GATES,GATES SUBSTATION,36.1413374,-120.1256622,Gates Substation,1.0,exact
MOSS LANDING,MOSS LANDING,36.80832,-121.778,"OSM: convergence of Moss Landing 115 kV line ends (ways 974695020, 974462217, 97",1.0,override
LUGO,LUGO,34.3658218,-117.3693963,Lugo Substation,1.0,exact
TESLA,TESLA,37.7120521,-121.5647373,Tesla Substation,1.0,exact
LOS BANOS,LOS BANOS,37.0530047,-121.0205078,Los Banos Substation,1.0,exact
COLORADO RIVER,COLORADO RIVER SUBSTATION,33.5806241,-114.8172191,Colorado River Substation,1.0,exact
VALLEY,VALLEY SWITCH,,,rejected: Valley Substation is not in NV,0.0,state-mismatch
ANTELOPE,ANTELOPE SUBSTATION,34.6858079,-118.2981161,Antelope Substation,1.0,exact
MOHAVE,MOHAVE SUBSTATION,35.1470784,-114.597151,Mohave Substation,1.0,exact
LAGUNA BELL,LAGUNA BELL SUBSTATION,33.975758,-118.1478598,Laguna Bell Substation,1.0,exact
TRANQUILITY,TRANQUILITY,36.57799,-120.40699,OSM relation 8376979 'Tranquillity Solar Project' plant centroid (Recurrent Ener,0.8,override-approx
EAST COUNTY,EAST COUNTY SUBSTATION,,,,0.8,none
HOODOO WASH,HOODOO WASH SWITCHYARD,,,,0.56,none
MOORPARK,MOORPARK SUBSTATION,34.2811367,-118.9030822,Moorpark Substation,1.0,exact
HARLAN,HARLAN SW STA,36.423475,-120.407322,"CAISO notice 2026-01-15: Harlan 500 kV Sw Sta 36°25'24.51""N 120°24'26.36""W",1.0,override
MIDWAY,MIDWAY SUBSTATION,35.4029429,-119.4522985,Midway Substation,0.5,ambiguous
CIELO AZUL,CIELO AZUL SUBSTATION,,,,0.53,none
NORTH GILA IMPERIAL VALLEY,NORTH GILA - IMPERIAL VALLEY,32.73179965,-115.1034182,North Gila Substation | Imperial Valley Substation,1.0,line-midpoint
MANNING MIDWAY,MANNING-MIDWAY,35.4029429,-119.4522985,Midway Substation,0.7,line-one-end
KRAMER,KRAMER SUBSTATION,34.9896952,-117.5421983,Kramer Substation,1.0,exact
RIO HONDO,RIO HONDO SUBSTATION,34.1050306,-117.980363,Rio Hondo Substation,1.0,exact
DIABLO CANYON,DIABLO CANYON,35.2161759,-120.8472939,Diablo Canyon,1.0,exact
COLORADO RIVER PALO VERDE,COLORADO RIVER - PALO VERDE,33.5806241,-114.8172191,Colorado River Substation,0.7,line-one-end
ARCO,ARCO,,,,0.67,none
CHINO,CHINO SUBSTATION,33.998587,-117.6785183,Chino Substation,1.0,exact
CALCITE,CALCITE SUBSTATION,,,,0.62,none
IMPERIAL VALLEY,IMPERIAL VALLEY SUBSTATION,32.7179069,-115.7155553,Imperial Valley Substation,1.0,exact
DEVERS,DEVERS SUBSTATION,33.9379937,-116.5766239,Devers Substation,1.0,exact
DELANEY,DELANEY SUBSTATION,,,,0.71,none
LOS BANOS GATES,LOS BANOS - GATES #1,36.59717105,-120.57308499999999,Los Banos Substation | Gates Substation,1.0,line-midpoint
VACA DIXON,VACA-DIXON,38.4034895,-121.9202262,Vaca Dixon Substation,1.0,exact
GAMEBIRD,GAMEBIRD SUBSTATION,36.16197,-115.89944,OSM way 439012890 'Gamebird Switchard' power=substation 230 kV (Valley Electric ,1.0,override
HASSAYAMPA,HASSAYAMPA,,,,0.63,none
LUGO PISGAH,LUGO-PISGAH,34.5737521,-116.87704595,Lugo Substation | Pisgah Switchyard,1.0,line-midpoint
MIRA LOMA,MIRA LOMA SUBSTATION,34.0080322,-117.5642244,Mira Loma Substation,0.5,ambiguous
QUINTO,QUINTO SW STA,37.119984,-121.0689671,Quinto Substation,1.0,exact
LOS ESTEROS,LOS ESTEROS,37.4272373,-121.9328297,Los Esteros Substation,1.0,exact
PISGAH,PISGAH SUBSTATION,34.7816824,-116.3846956,Pisgah Switchyard,1.0,exact
TEHACHAPI CONCEPTUAL,TEHACHAPI CONCEPTUAL SUBSTATION #1,,,,0.47,none
WALNUT,WALNUT SUBSTATION,37.4899763,-120.9059194,Walnut Substation,0.5,ambiguous
MAGUNDEN PASTORIA,MAGUNDEN-PASTORIA,35.1481832,-118.88288514999999,Magunden Substation | Pastoria Substation,1.0,line-midpoint
OTAY MESA,OTAY MESA SWITCHYARD,,,,0.62,none
CONTRA COSTA,CONTRA COSTA SUBSTATION,37.9993561,-121.7824183,Contra Costa Substation,1.0,exact
NORTH GILA HOODOO WASH,NORTH GILA - HOODOO WASH (SDGE PORTION ONLY),32.7456924,-114.4912811,North Gila Substation,0.7,line-one-end
MARTIN,MARTIN,37.7037524,-122.4094087,Martin Substation,1.0,exact
TESLA NEWARK,TESLA-NEWARK #1,37.60643695,-121.7756521,Tesla Substation | Newark Substation,1.0,line-midpoint
LATHROP WELLS,LATHROP WELLS SUBSTATION,,,,0.62,none
PITTSBURG,PITTSBURG,38.0369134,-121.8959532,Pittsburg Substation,1.0,exact
PROPOSED LEE LAKE,PROPOSED LEE LAKE SUBSTATION,,,,0.38,none
PITTSBURG TESLA,PITTSBURG-TESLA,37.87448275,-121.73034525,Pittsburg Substation | Tesla Substation,1.0,line-midpoint
BELLOTA,BELLOTA,38.0157488,-121.0138807,Bellota Substation,1.0,exact
GATES MIDWAY,GATES-MIDWAY,35.77214015,-119.78898035,Gates Substation | Midway Substation,1.0,line-midpoint
BEATTY,BEATTY,,,,0.77,none
SPRINGVILLE,SPRINGVILLE SUBSTATION,36.1079723,-118.9381572,Springville Substation,1.0,exact
BOULEVARD EAST,BOULEVARD EAST SUBSTATION,,,,0.67,none
ETIWANDA,ETIWANDA SUBSTATION,,,,0.62,none
MANDALAY,MANDALAY SWITCHYARD,34.2077559,-119.2468823,Mandalay Switchyard,1.0,exact
EL NIDO,EL NIDO SUBSTATION,,,,0.67,none
SUNCREST OCOTILLO,SUNCREST - OCOTILLO,32.8087648,-116.68306,Suncrest Substation,0.7,line-one-end
LAMBIE,LAMBIE SWITCHING STATION,38.2214947,-121.8669216,Lambie Substation,1.0,exact
RIO OSO,RIO OSO SUBSTATION,38.9351998,-121.4667925,Rio Oso Substation,1.0,exact
VESTAL,VESTAL SUBSTATION,35.8412308,-119.0846351,Vestal Substation,1.0,exact
LITEHIPE,LITEHIPE SUBSTATION,,,,0.82,none
LA CIENEGA,LA CIENEGA SUBSTATION,34.0006667,-118.3784687,La Cienega Substation,1.0,exact
QUINTO FINK,QUINTO SW STA- FINK SW STA,37.26521925,-121.1207559,Quinto Substation | Fink Switching Station,1.0,line-midpoint
RANCHO SECO BELLOTA,RANCHO SECO-BELLOTA #1,38.1799786,-121.06887425,Rancho Seco Substation | Bellota Substation,1.0,line-midpoint
RECTOR,RECTOR SUBSTATION,36.3038123,-119.2451574,Rector Substation,1.0,exact
LATHROP,LATHROP,,,,0.62,none
INNOVATION DESERT VIEW,INNOVATION-DESERT VIEW,36.5822326,-115.9473218,Innovation Substation,0.7,line-one-end
METCALF,METCALF,37.2255899,-121.7439528,Metcalf Substation,1.0,exact
BIRDS LANDING,BIRDS LANDING,38.1247013,-121.8301278,Birds Landing Switching Station,1.0,exact
VIEJO,VIEJO,33.666879,-117.6424464,Viejo Substation,1.0,exact
MUSTANG,MUSTANG SWITCHING STATION,35.3040221,-120.6580681,Mustang Substation (75),1.0,exact
INNOVATION,INNOVATION SUBSTATION,36.5822326,-115.9473218,Innovation Substation,1.0,exact
BITTERWATER,BITTERWATER SW STA,35.124694,-119.298414,"CAISO notice 2026-01-15: Bitterwater 230 kV Sw Sta 35°7'28.90""N 119°17'54.29""W",1.0,override
SCE OWNED ELDORADO,SCE OWNED ELDORADO BUS,,,,0.62,none
GATES TEMPLETON,GATES-TEMPLETON,35.848192999999995,-120.40301410000001,Gates Substation | Templeton,1.0,line-midpoint
ANTELOPE VALLEYSUBSTATION,ANTELOPE VALLEYSUBSTATION,,,,0.48,none
WHEELER RIDGE,WHEELER RIDGE,35.0890917,-118.975825,Wheeler Ridge Substation,1.0,exact
ARCO MIDWAY,ARCO-MIDWAY,35.4029429,-119.4522985,Midway Substation,0.7,line-one-end
WESTLY QUINTO,WESTLY-QUINTO,37.119984,-121.0689671,Quinto Substation,0.7,line-one-end
OCOTILLO,OCOTILLO SWITCHYARD,,,,0.75,none
WEBER,WEBER,,,,0.67,none
ELDORADO,ELDORADO SUBSTATION,35.7973353,-115.0084794,Eldorado Substation,1.0,exact
KASSON,KASSON,37.7457866,-121.3413843,Kasson Substation,1.0,exact
SCE PORTION OF ELDORADO,SCE PORTION OF ELDORADO SUBSTATION,,,,0.52,none
HASSAYAMPA COMMON,HASSAYAMPA COMMON BUS,,,,0.5,none
FINK,FINK SW STA,37.4104545,-121.1725447,Fink Switching Station,1.0,exact
CORTINA,CORTINA,39.1206016,-122.2231973,Cortina Substation,1.0,exact
VALLEY SPRINGS,VALLEY SPRINGS,,,,0.6,none
SCHULTE,SCHULTE,37.710439,-121.4899411,Schulte Switching Station,1.0,exact
DELEVAN CORTINA,DELEVAN-CORTINA,39.24440525,-122.2463327,Delevan Substation | Cortina Substation,1.0,line-midpoint
SANGER,SANGER,36.7083453,-119.6112851,Sanger Substation,1.0,exact
HOODOO WASH NORTH GILA,HOODOO WASH - NORTH GILA,32.7456924,-114.4912811,North Gila Substation,0.7,line-one-end
ROADWAY,ROADWAY SUBSTATION,,,,0.93,none
ORO LOMA,ORO LOMA,,,,0.71,none
HINSON,HINSON SUBSTATION,33.8190324,-118.2223341,Hinson Substation,1.0,exact
WILSON,WILSON,37.2925967,-120.4075244,Wilson Substation,1.0,exact
LOS BANOS PANOCHE,LOS BANOS-PANOCHE #1,36.8526596,-120.80105234999999,Los Banos Substation | Panoche Substation,1.0,line-midpoint
BORDEN,BORDEN SUBSTATION,,,,0.73,none
GREEN VALLEY,GREEN VALLEY,36.9520512,-121.7604186,Green Valley Substation,1.0,exact
LOCKEFORD,LOCKEFORD,38.1177245,-121.160115,Lockeford Substation,1.0,exact
LAMONT,LAMONT,,,,0.86,none
NEWARK,NEWARK SUBSTATION,37.5008218,-121.9865669,Newark Substation,1.0,exact
MENDOTA,MENDOTA SUBSTATION,,,,0.62,none
VINCENT PEARBLOSSOM,VINCENT - PEARBLOSSOM,34.4859441,-118.1196772,Vincent Substation,0.7,line-one-end
TESLA MANTECA VIA SCHULTE,TESLA-MANTECA,37.7564996,-121.39450479999999,Tesla Substation | Manteca Substation,1.0,line-midpoint
SLOAN CANYON,SLOAN CANYON SWITCHING STATION,35.8336156,-115.0115455,Sloan Canyon Switchyard,1.0,exact
EXCELSIOR,EXCELSIOR,,,,0.57,none
HENRIETTA,HENRIETTA,36.2421264,-119.9028971,Henrietta Substation,1.0,exact
COBURN BASIC ENERGY,COBURN-BASIC ENERGY,,,,0.73,none
MARGARITA,MARGARITA,33.5497273,-117.6280692,Margarita Substation,1.0,exact
LLAGAS GILROY FOODS,LLAGAS-GILROY FOODS,37.0072605,-121.5573635,Llagas Substation,0.7,line-one-end
FULTON,FULTON,38.4977484,-122.7605687,Fulton Substation,1.0,exact
PANOCHE,PANOCHE SUBSTATION,36.6523145,-120.5815969,Panoche Substation,1.0,exact
CRAZY HORSE CANYON HOLLISTER,CRAZY HORSE CANYON-HOLLISTER,36.8627977,-121.4062132,Hollister Substation,0.7,line-one-end
KERN,KERN PP,,,,0.8,none
VIERRA,VIERRA,37.7978669,-121.2741906,Vierra Substation,1.0,exact
JOHANNA,JOHANNA SUBSTATION,33.7132628,-117.8526051,Johanna Substation,1.0,exact
TALEGA,TALEGA SUBSTATION,33.4532061,-117.5714849,Talega Substation,1.0,exact
MIDWAY WHEELER RIDGE,MIDWAY-WHEELER RIDGE #2,35.2460173,-119.21406175,Midway Substation | Wheeler Ridge Substation,1.0,line-midpoint
COTTLE,COTTLE,37.7725291,-120.8264774,Cottle Substation,1.0,exact
SANTA TERESA,SANTA TERESA,37.2386068,-121.7907606,Santa Teresa Substation,1.0,exact
TRANQUILLITY,TRANQUILLITY SW STA,,,,0.63,none
CAYETANO,CAYETANO SUBSTATION,37.7385208,-121.7712233,Cayetano Substation,1.0,exact
SHAFTER,SHAFTER,,,,0.77,none
RIPON,RIPON,37.7555913,-121.146377,Ripon Substation,1.0,exact
KELSO TESLA,KELSO-TESLA TAP,37.754738700000004,-121.58397225,Kelso Substation | Tesla Substation,1.0,line-midpoint
CARRIZO GORGE,CARRIZO GORGE SWITCHYARD,,,,0.58,none
DELTA SWITCHING YARD TESLA,DELTA SWITCHING YARD-TESLA,37.7120521,-121.5647373,Tesla Substation,0.7,line-one-end
MERCY SPRINGS,MERCY SPRINGS,,,,0.72,none
HELM KERMAN,HELM-KERMAN,,,,0.67,none
CRESCENT,CRESCENT,,,,0.77,none
LAKEVIEW,LAKEVIEW,,,,0.82,none
AVOCADO,AVOCADO SUBSTATION,33.3845762,-117.2369944,Avocado Substation,1.0,exact
NEENACH BAILEY,NEENACH-BAILEY,34.7766122,-118.7746647,Bailey Substation,0.7,line-one-end
PANOCHE SCHINDLER AND,PANOCHE-SCHINDLER #1 AND #2,36.6523145,-120.5815969,Panoche Substation,0.7,line-one-end
GEYSERS CLOVERDALE,GEYSERS #3-CLOVERDALE,,,,0.77,none
GEYSERS FULTON,GEYSERS #17-FULTON,38.4977484,-122.7605687,Fulton Substation,0.7,line-one-end
KEN OKJ,KEN-OKJ,,,,0.75,none
GOLD HILL,GOLD HILL,38.6575814,-121.1368126,Gold Hill Substation,1.0,exact
GREENLEAF,GREENLEAF #1,39.0524925,-121.6919536,Greenleaf Substation,1.0,exact
HENRIETTA LEMOORE NAS,HENRIETTA-LEMOORE NAS,36.2421264,-119.9028971,Henrietta Substation,0.7,line-one-end
TAFT CUYAMA,TAFT-CUYAMA #1,,,,0.6,none
MIDWAY TEMBLOR,MIDWAY TEMBLOR,,,,0.6,none
ESCONDIDO,ESCONDIDO SUBSTATION,33.1257327,-117.1167373,Escondido Substation,1.0,exact
GIFFEN,GIFFEN SUBSTATION,,,,0.6,none
TULUCAY,TULUCAY,38.2478308,-122.2679071,Tulucay Substation,1.0,exact
BELRIDGE TEMBLOR,BELRIDGE - TEMBLOR,,,,0.77,none
HENRIETTA TULARE LAKE,HENRIETTA-TULARE LAKE,36.2421264,-119.9028971,Henrietta Substation,0.7,line-one-end
SALADO NEWMAN,SALADO - NEWMAN,37.368649500000004,-121.0811868,Salado Substation | Newman Substation,1.0,line-midpoint
ALTAMONT MIDWAY,ALTAMONT MIDWAY,,,,0.57,none
VOTA SOUTH,VOTA-SOUTH,,,,0.75,none
VOLTA SOUTH,VOLTA-SOUTH,,,,0.73,none
ON WOODLAND DAVIS,,,,,0.0,none
ON MARICOPA COPUS,TAP ON MARICOPA-COPUS LINE,,,,0.67,none
OMEC INTERCONNECTION,OMEC INTERCONNECTION SUBSTATION,,,,0.55,none
ORO LOMA CANAL,ORO LOMA-CANAL,,,,0.71,none
ORO LOMA PANOCHE,ORO LOMA - PANOCHE,36.6523145,-120.5815969,Panoche Substation,0.7,line-one-end
OLIVE SWITCHING,OLIVE SWITCHING SUBSTATION,,,,0.52,none
ORO LOMA EL NIDO,ORO LOMA-EL NIDO,,,,0.71,none
ORO LOMA MENDOTA,ORO LOMA-MENDOTA,,,,0.71,none
OTAY,OTAY SUBSTATION,32.5953414,-117.0577002,Otay Substation,1.0,exact
PENDLETON,PENDLETON SUB,,,,0.67,none
PG E ARCO,PG&E ARCO SUBSTATION,,,,0.62,none
PG E ARMSTRONG AT INTERSECTION OF S 11TH AVE AND IDAHO AVENUE HANFORD CA,PG&E ARMSTRONG,,,,0.44,none
PG E CORCORAN GUERNSEY,PG&E CORCORAN-GUERNSEY,,,,0.76,none
PG E KEARNEY,PG&E KEARNEY SUB,,,,0.5,none
PG E KERN OIL VEDDER,PG&E KERN OIL-VEDDER,,,,0.73,none
PG E MARTIN,PG&E MARTIN SUBSTATION,,,,0.71,none
PG E MIDWAY WHEELER RIDGE,PG&E MIDWAY WHEELER RIDGE,,,,0.68,none
PEASE,PEASE,39.1698803,-121.6610022,Pease Substation,1.0,exact
PIERCY,PIERCY,37.2689282,-121.7873391,Piercy Substation,1.0,exact
PISGAH LUGO,PISGAH-LUGO,34.5737521,-116.87704595,Pisgah Switchyard | Lugo Substation,1.0,line-midpoint
PIT 1 COTTONWOOD,PIT 1-COTTONWOOD,40.3979023,-122.2642981,Cottonwood Substation,0.7,line-one-end
PIT PIT,PIT#1-PIT#3,,,,0.57,none
PIT RIVER 1 COTTONWOOD,PIT RIVER 1-COTTONWOOD,40.3979023,-122.2642981,Cottonwood Substation,0.7,line-one-end
PIT ROUND MOUNTAIN,PIT #3 ROUND MOUNTAIN,,,,0.88,none
PITTSBURG KIRKER COLUMBIA STEEL,PITTSBURG-KIRKER-COLUMBIA STEEL,38.02886455,-121.90094425,Pittsburg Substation | Kirker Substation,1.0,line-midpoint
PITTSBURGH,PITTSBURGH SUBSTATION,,,,0.95,none
PG E VALLEY SPRINGS FROM VALLEY SPRINGS TO LOCKFORD,PG&E VALLEY SPRINGS #2,,,,0.48,none
OTAY MESA ENERGY CENTER,OTAY MESA ENERGY CENTER,,,,0.41,none
OXBOW,OXBOW,,,,0.5,none
PALA,PALA,,,,0.67,none
PALA LILAC,PALA - LILAC,33.2533269,-117.0858841,Lilac Substation,0.7,line-one-end
PALERMO,PALERMO,39.4542547,-121.5178277,Palermo Substation,1.0,exact
PALO VERDE DEVERS,PALO VERDE DEVERS #2 LINE,,,,0.52,none
PALOMAR ENERGY,PALOMAR ENERGY SWITCHYARD,,,,0.62,none
PANOCHE MENDOTA,PANOCHE-MENDOTA,36.6523145,-120.5815969,Panoche Substation,0.7,line-one-end
PENASQUISTOS OLD TOWN TRANSMISSION,PENASQUISTOS OLD TOWN,,,,0.55,none
PANOCHE SCHINDLER,PANOCHE-SCHINDLER #1 & #2,36.6523145,-120.5815969,Panoche Substation,0.7,line-one-end
PANOCHE SCHINDLER VIA THE CHENEY,PANOCHE-SCHINDLER #2,36.6523145,-120.5815969,Panoche Substation,0.7,line-one-end
PANOCHE TRANQUILITY,PANOCHE - TRANQUILITY #1,36.61515225,-120.49429344999999,Panoche Substation | OSM relation 8376979 'Tranquillity Solar Project' plant centroid (Recurrent Ener,1.0,line-midpoint
PARADISE,PARADISE  SUBSTATION,39.7606558,-121.61888,Paradise Substation,0.5,ambiguous
PARDEE VINCENT,PARDEE-VINCENT NO1,34.4628692,-118.35114985,Pardee Substation | Vincent Substation,1.0,line-midpoint
PASTORIA,PASTORIA SUBSTATION,34.9351833,-118.8429736,Pastoria Substation,1.0,exact
PASTORIA MAGUNDEN,PASTORIA-MAGUNDEN,35.1481832,-118.88288514999999,Pastoria Substation | Magunden Substation,1.0,line-midpoint
PATTERSON PASS,PATTERSON PASS,,,,0.6,none
OLIVE SMYRNA,OLIVE SW STATION-SMYRNA,,,,0.67,none
PANOCHE ORO LOMA,PANOCHE - ORO LOMA,36.6523145,-120.5815969,Panoche Substation,0.7,line-one-end
MIDWAY WHEELER RIDGE VIA 5 MILE GEN TIE,MIDWAY- WHEELER RIDGE,35.2460173,-119.21406175,Midway Substation | Wheeler Ridge Substation,1.0,line-midpoint
MIDWAY WHIRLWIND,MIDWAY-WHIRLWIND,35.130393999999995,-118.94481379999999,Midway Substation | Whirlwind Substation,1.0,line-midpoint
MIGUEL,MIGUEL SUBSTATION,32.6790263,-116.9838422,Miguel Substation,1.0,exact
MILLBRAE,MILLBRAE,37.6056261,-122.3915473,Millbrae Substation,1.0,exact
MILLER,MILLER #1,,,,0.6,none
MILPITAS,MILPITAS,37.415405,-121.8884658,Milpitas Substation,1.0,exact
MIRA LOMA CHINO 230,MIRA LOMA - CHINO 230 #1,34.0080322,-117.5642244,Mira Loma Substation,0.7,line-one-end
MIRA LOMA WALNUT,MIRA LOMA-WALNUT,35.74900425,-119.23507190000001,Mira Loma Substation | Walnut Substation,1.0,line-midpoint
MIRAGE,MIRAGE SUBSTATION,33.8183451,-116.3695726,Mirage Substation,1.0,exact
MIRAMAR GT,MIRAMAR GT SUBSTATION,,,,0.82,none
MIRAMAR SCRIPPS,MIRAMAR-SCRIPPS,32.90258,-117.1241128,Miramar Substation | Scripps Substation,1.0,line-midpoint
NEW ON LOS ESTEROS TRIMBLE,NEW SWITCHYARD ON LOS ESTEROS-TRIMBLE LINE,37.3819522,-121.9271433,Trimble Substation,0.7,line-one-end
MISSION CARLTON HILLS,MISSION-CARLTON HILLS,32.8205133,-117.07517485,Mission Substation | Carlton Hills Substation,1.0,line-midpoint
MISSION SAN LUIS REY,MISSION-SAN LUIS REY,32.998702550000004,-117.236442,Mission Substation | San Luis Rey Substation,1.0,line-midpoint
MOHAVE ELDORADO,MOHAVE-ELDORADO,35.47220685,-114.8028152,Mohave Substation | Eldorado Substation,1.0,line-midpoint
MOHAVE LUGO,MOHAVE-LUGO,,,rejected: Mohave Substation | Lugo Substation is not in NV,0.0,state-mismatch
MOJAVE,MOJAVE,,,,0.83,none
MOLINO,MOLINO SUBSTATION,,,,0.73,none
MONOLITH,MONOLITH SUBSTATION,,,,0.62,none
MONTA VISTA,MONTA VISTA,37.3261316,-122.0754437,Monta Vista Substation,1.0,exact
MONTE RIO FULTON TRANSMISSION,MONTE RIO-FULTON,38.4977484,-122.7605687,Fulton Substation,0.7,line-one-end
MORAGA,MORAGA,37.8477991,-122.1611735,Moraga Substation,1.0,exact
MORGAN HILL,MORGAN HILL SUBSTATION,37.1267953,-121.6593936,Morgan Hill Substation,1.0,exact
MORRO BAY,MORRO BAY SUBSTATION,35.3738781,-120.8555879,Morro Bay,1.0,exact
MISSION,MISSION SUBSTATION,32.7861059,-117.1383642,Mission Substation,0.5,ambiguous
MENDOTA SAN JOAQUIN HELM,MENDOTA-SAN JOAQUIN-HELM,,,,0.63,none
MERCED,MERCED #1,34.0497237,-117.90727,Merced Substation,1.0,exact
MERCED CIRCUIT,MERCED #1,34.0497237,-117.90727,Merced Substation,1.0,exact
MERCED MADERA,MERCED-MADERA,34.0497237,-117.90727,Merced Substation,0.7,line-one-end
MERCHANT,MERCHANT SWITCHYARD,35.7900276,-114.9942489,Merchant Substation,1.0,exact
MERCY SPRINGS ORO LOMA,MERCY SPRINGS ORO LOMA,,,,0.53,none
MESA,MESA SUBSTATION,34.0365975,-118.1116208,Mesa Substation,0.5,ambiguous
MESA DIVIDE,MESA-DIVIDE #1,34.0365975,-118.1116208,Mesa Substation,0.7,line-one-end
MESA HEIGHTS,MESA HEIGHTS SUBSTATION,32.8295316,-117.1573513,Mesa Heights Substation,1.0,exact
MIDPOINT,MIDPOINT SUBSTATION,,,,0.62,none
MIDSUN MIDWAY,MIDSUN-MIDWAY,35.4029429,-119.4522985,Midway Substation,0.7,line-one-end
MIDWAY WHEELER RIDGE DOUBLE CIRCUIT,MIDWAY-WHEELER RIDGE,35.2460173,-119.21406175,Midway Substation | Wheeler Ridge Substation,1.0,line-midpoint
MIDWAY GATES,MIDWAY- GATES,35.77214015,-119.78898035,Midway Substation | Gates Substation,1.0,line-midpoint
MIDWAY GATES ARCO GATES LINES,MIDWAY-GATES & ARCO-GATES,35.4029429,-119.4522985,Midway Substation,0.7,line-one-end
MIDWAY MIDSUN,MIDWAY-MIDSUN,35.4029429,-119.4522985,Midway Substation,0.7,line-one-end
MIDWAY MORRO BAY,MIDWAY-MORRO BAY,35.3884105,-120.1539432,Midway Substation | Morro Bay,1.0,line-midpoint
MIDWAY MORROW BAY,MIDWAY-MORROW BAY,35.4029429,-119.4522985,Midway Substation,0.7,line-one-end
MIDWAY SUNSET VIA MIDWAY SUNSET GEN TIE,MIDWAY SUNSET VIA MIDWAY-SUNSET GEN-TIE,,,,0.6,none
MIDWAY TAFT,MIDWAY-TAFT,35.4029429,-119.4522985,Midway Substation,0.7,line-one-end
MIDWAY TUPMAN RIO BRAVO RENFRO,MIDWAY-TUPMAN-RIO BRAVO-RENFRO,35.4029429,-119.4522985,Midway Substation,0.7,line-one-end
MIDWAY VIA MIDWAY LA PALOMA,MIDWAY,35.4029429,-119.4522985,Midway Substation,0.5,ambiguous
MIDWAY VIA MIDWAY SUNSET GEN TIE,MIDWAY SUBSTATION VIA MIDWAY-SUNSET GEN-TIE,,,,0.6,none
MIDWAY VINCENT,MIDWAY - VINCENT,34.9444435,-118.78598785,Midway Substation | Vincent Substation,1.0,line-midpoint
MIDWAY WHEELER RIDGE AND,MIDWAY - WHEELER RIDGE #1 AND #2,35.2460173,-119.21406175,Midway Substation | Wheeler Ridge Substation,0.87,line-midpoint
MIDWAY DIABLO CANYON,MIDWAY-DIABLO CANYON #2,35.3095594,-120.1497962,Midway Substation | Diablo Canyon,1.0,line-midpoint
NEW TO LOOP THE ECO MIGUEL,NEW SWITCHYARD TO LOOP THE ECO-MIGUEL,,,,0.67,none
NEW WHEELER RIDGE,NEW WHEELER RIDGE JUNCTION,,,,0.87,none
NEWHALL,NEWHALL SUBSTATION,34.3791522,-118.5590591,Newhall Substation,1.0,exact
NEXT TO CALPEAK BORDER SITE,,,,,0.0,none
NICOLAUS MARYSVILLE,NICOLAUS-MARYSVILLE,,,,0.8,none
NORTH GILA,NORTH GILA SUBSTATION,32.7456924,-114.4912811,North Gila Substation,1.0,exact
NORTH GILA HASSAYAMPA,NORTH GILA-HASSAYAMPA,32.7456924,-114.4912811,North Gila Substation,0.7,line-one-end
NORTH ISLAND METERING,NORTH ISLAND METERING STATION,,,,0.58,none
NORTH OF SONGS,NORTH OF SONGS,,,,0.6,none
OAKLAND C,OAKLAND C,37.7973777,-122.2807519,Oakland C Substation,1.0,exact
OAKLAND C VIA OAKLAND C TURBINE,OAKLAND C SUB VIA OAKLAND C-TURBINE,,,,0.62,none
MORRO BAY MIDWAY,MORRO BAY - MIDWAY,35.3884105,-120.1539432,Morro Bay | Midway Substation,1.0,line-midpoint
OAKLAND J GRANT,OAKLAND J - GRANT,37.717236400000004,-122.1870139,Oakland J Substation | Grant Substation,1.0,line-midpoint
OASIS TORTOISE,OASIS-TORTOISE,,,,0.67,none
OCEAN RANCH,OCEAN RANCH SUBSTATION,,,,0.67,none
OCEANSIDE STUART,OCEANSIDE TAP - STUART TAP,37.858023,-122.2685966,Stuart Substation,0.7,line-one-end
OF CHEVRON TRAN,TAP OF CHEVRON,,,,0.59,none
OF THE EL CAJON,,,,,0.0,none
OLD RIVER,OLD RIVER SUBSTATION,,,,0.71,none
OLD RIVER KERN,OLD RIVER - KERN #1,,,,0.8,none
OLEUM,,,,,0.0,none
OLINDA,OLINDA,40.3829969,-122.3814249,Olinda Substation,0.5,ambiguous
OLIVE,OLIVE,,,,0.67,none
OLIVE SMYNRA,OLIVE SWITCHING STATION - SMYNRA,,,,0.67,none
OAKLAND J,OAKLAND J,37.7630288,-122.2144359,Oakland J Substation,1.0,exact
MORRO BAY MIDWAY LINES,MORRO BAY-MIDWAY #1 & #2 LINES,35.3738781,-120.8555879,Morro Bay,0.7,line-one-end
MORRO BAY SOLAR,MORRO BAY SOLAR SW STA #2,,,,0.75,none
MORRO GATES,MORRO-GATES,36.1413374,-120.1256622,Gates Substation,0.7,line-one-end
MORROW BAY GATES,MORROW BAY-GATES,36.1413374,-120.1256622,Gates Substation,0.7,line-one-end
MORROW BAY MIDWAY,MORROW BAY - MIDWAY #1 & #2,35.4029429,-119.4522985,Midway Substation,0.7,line-one-end
MOSS LANDING METCALF,MOSS LANDING - METCALF,37.01695495,-121.7609764,"OSM: convergence of Moss Landing 115 kV line ends (ways 974695020, 974462217, 97 | Metcalf Substation",1.0,line-midpoint
MOSS LANDING PANOCHE,MOSS LANDING-PANOCHE #2,36.73031725,-121.17979844999999,"OSM: convergence of Moss Landing 115 kV line ends (ways 974695020, 974462217, 97 | Panoche Substation",1.0,line-midpoint
MOSS LANDING PANOCHE COBURN PANOCHE,MOSS LANDING-PANOCHE #2 & COBURN-PANOCHE #2,,,"rejected: OSM: convergence of Moss Landing 115 kV line ends (ways 974695020, 974462217, 97 is not in NV",0.0,state-mismatch
MOSS LINDING SALINAS SOLEDAD AND LINES N O MOSS LANDING SALINAS SOLEDAD,MOSS-LINDING-SALINAS-SOLEDAD,,,,0.77,none
MOSS PANOCHE AND COBURN PANOCHE,MOSS-PANOCHE AND COBURN-PANOCHE,,,,0.56,none
MOUNTAIN PASS,MOUNTAIN PASS,,,,0.73,none
NEW TO LOOP IN TL2330 TALEGA ESCONDIDO,NEW SUBSTATION TO LOOP IN TL2330 TALEGA- ESCONDIDO,,,,0.67,none
NEENACH ANTELOPE,NEENACH-ANTELOPE,34.6858079,-118.2981161,Antelope Substation,0.7,line-one-end
NEW 230 NEAR THE IV ML,NEW 230/,,,,0.5,none
NEW DOUBLE CIRCUIT INTO ESCONDIDO,NEW DOUBLE CIRCUIT,,,,0.48,none
NEW FAIRFIELD,NEW FAIRFIELD SUBSTATION,,,,0.67,none
NEW IVANPAH,NEW IVANPAH SUBSTATION,,,,0.78,none
NEW KEARNY,NEW KEARNY SUBSTATION,,,,0.75,none
PITTSBURGH GWF,PITTSBURGH - GWF TAP #1,,,,0.95,none
NEW ON NORTH GILA IMPERIAL VALLEY,NEW SUBSTATION ON NORTH GILA-IMPERIAL VALLEY,32.7179069,-115.7155553,Imperial Valley Substation,0.7,line-one-end
NEW ON THE CHINO SERRANO,NEW,,,,0.67,none
NEW ON THE MIRA LOMA VISTA,NEW,,,,0.67,none
NEW ON THE PANOCHE SCHINDLER,NEW,,,,0.67,none
NEW SUBSTATIONS SAN LUIS MELROSE,NEW SUBSTATIONS SAN LUIS-MELROSE,,,,0.71,none
NEENACH,NEENACH SUBSTATION,,,,0.57,none
TESLA KESLO,TESLA - KESLO,37.7120521,-121.5647373,Tesla Substation,0.7,line-one-end
TESLA MILLER,TESLA - MILLER,37.7120521,-121.5647373,Tesla Substation,0.7,line-one-end
TESLA STAGG,TESLA-STAGG,37.852175349999996,-121.45662295,Tesla Substation | Stagg Substation,1.0,line-midpoint
TESLA STOCKTON CO GEN,TESLA - STOCKTON CO-GEN JCT,37.7120521,-121.5647373,Tesla Substation,0.7,line-one-end
TESLA STOCKTON COGEN TRANS,,,,,0.0,none
TESLA TO DELTA SWITCHING YARD AT THE ALTAMONT MIDWAY,TESLA TO DELTA SWITCHING YARD AT THE ALTAMONT-MIDWAY SUBSTATION,37.7120521,-121.5647373,Tesla Substation,0.7,line-one-end
TESLA TRACY,TESLA-TRACY #1,37.754985000000005,-121.57272125,Tesla Substation | Tracy Substation,1.0,line-midpoint
TESLA TRACY TRACY,TESLA-TRACY #1,37.754985000000005,-121.57272125,Tesla Substation | Tracy Substation,1.0,line-midpoint
TESLA WEBER,TESLA-WEBER,37.7120521,-121.5647373,Tesla Substation,0.7,line-one-end
TESLA WESTLEY,TESLA - WESTLEY,37.6140398,-121.39776845,Tesla Substation | Westley Substation,1.0,line-midpoint
TESLA WESTLEY LINES,TESLA-WESTLEY,37.6140398,-121.39776845,Tesla Substation | Westley Substation,1.0,line-midpoint
THOUSANDAIRE,THOUSANDAIRE SUBSTATION,36.132452,-115.9499389,Thousandaire Substation,1.0,exact
MENDOTA SAN JOAQUIN HELM 69K,MENDOTA-SAN JOAQUIN-HELM 69K,,,,0.63,none
TO MIDPOINT,,,,,0.0,none
TO PLAINFIELD,LINE TAP TO,,,,0.67,none
TO THE NEW MIDPOINT,,,,,0.0,none
TORTILLA,TORTILLA SUBSTATION,,,,0.71,none
TORTILLA KRAMER,TORTILLA-KRAMER,34.9896952,-117.5421983,Kramer Substation,0.7,line-one-end
TRABUCO,TRABUCO SUBSTATION,33.5628795,-117.673544,Trabuco Substation,1.0,exact
TRABUCO CAPISTRANO,TRABUCO - CAPISTRANO,33.5377456,-117.66991200000001,Trabuco Substation | Capistrano Substation,1.0,line-midpoint
TRACY,TRACY SUBSTATION,37.7979179,-121.5807052,Tracy Substation,1.0,exact
TRACY HERDLYN,TRACY-HERDLYN,37.7979179,-121.5807052,Tracy Substation,0.7,line-one-end
TRACY TESLA,TRACY-TESLA,37.754985000000005,-121.57272125,Tracy Substation | Tesla Substation,1.0,line-midpoint
TRANQUILITY KEARNY,TRANQUILITY KEARNY,,,,0.5,none
TRANQUILLITY SS,TRANQUILLITY SS,,,,0.56,none
TO BE CONSTRUCTED 1 MILE SOUTH TIE INTO SCE,LINE TO BE CONSTRUCTED 1 MILE SOUTH & TIE INTO SCE,,,,0.05,none
STROUD,STROUD SWITCHING STATION,,,,0.67,none
STROUD SCHINDLER,STROUD SW STA-SCHINDLER,,,,0.67,none
STROUT,STROUT SW STATION,,,,0.67,none
SUNCREST,SUNCREST SUBSTATION,32.8087648,-116.68306,Suncrest Substation,1.0,exact
SUNRISE POWERLINK,SUNRISE POWERLINK,,,,0.6,none
SYCAMORE CANYON,SYCAMORE CANYON SUBSTATION,32.9172568,-117.0309422,Sycamore Canyon Substation,1.0,exact
SYLMAR GOULD,SYLMAR-GOULD LINE,34.2214825,-118.1871012,Gould Substation,0.7,line-one-end
SYMRNA SEMITROPIC MIDWAY,SYMRNA-SEMITROPIC-MIDWAY,35.6008203,-119.437539,Semitropic Substation,0.7,line-one-end
TABLE MOUNTAIN,TABLE MOUNTAIN,39.5551324,-121.6451687,Table Mountain Substation,1.0,exact
TABLE MOUNTAIN RIO OSO CIRCUIT,TABLE MOUNTAIN-RIO OSO,39.2451661,-121.5559806,Table Mountain Substation | Rio Oso Substation,1.0,line-midpoint
TABLE MOUNTAIN TESLA,TABLE MOUNTAIN-TESLA,38.63359225,-121.604953,Table Mountain Substation | Tesla Substation,1.0,line-midpoint
TABLE MTN BUTTE,TABLE MTN.-BUTTE #2,,,,0.78,none
TESLA E,TESLA SUB,37.7120521,-121.5647373,Tesla Substation,1.0,exact
TAFT ELK HILLS,TAFT-ELK HILLS,,,,0.6,none
TALEGA ESCONDIDO,TALEGA-ESCONDIDO,33.2894694,-117.34411109999999,Talega Substation | Escondido Substation,1.0,line-midpoint
TALEGA SAN MATEO,TALEGA SAN MATEO,,,,0.72,none
TASSAJARA NEWARK,TASSAJARA - NEWARK,37.65043065,-121.94710140000001,Tassajara Substation | Newark Substation,1.0,line-midpoint
TBD BAKERSFIELD,TBD BAKERSFIELD,,,,0.61,none
TELEGA ESCONDIDO,TELEGA - ESCONDIDO,33.1257327,-117.1167373,Escondido Substation,0.7,line-one-end
TEMBLOR KERNRIDGE,TEMBLOR-KERNRIDGE,,,,0.71,none
TEMBLOR KING ELLIS,TEMBLOR-KING ELLIS,,,,0.67,none
TEMBLOR SAN LUIS OBISPO,TEMBLOR - SAN LUIS OBISPO,,,,0.7,none
TEMPLETON,TEMPLETON SUBSTATION,35.5550486,-120.680366,Templeton,1.0,exact
TESLA BELLOTA,TESLA-BELLOTA,37.86390045,-121.289309,Tesla Substation | Bellota Substation,1.0,line-midpoint
TESLA BELLOTA LINES,TESLA-BELLOTA,37.86390045,-121.289309,Tesla Substation | Bellota Substation,1.0,line-midpoint
TESLA BELOTA AND TESLA WEBBER LINES,TESLA-BELOTA,37.7120521,-121.5647373,Tesla Substation,0.7,line-one-end
TABLE MTN RIO OSO,TABLE MTN-RIO OSO,38.9351998,-121.4667925,Rio Oso Substation,0.7,line-one-end
7TH STANDARD,7TH STANDARD,,,,0.67,none
WEEDPATCH SAN BERNARD,WEEDPATCH - SAN BERNARD,34.0799529,-117.2389874,San Bernardino Substation,0.62,line-one-end
WEEDPATCH WHEELER RIDGE,WEEDPATCH-WHEELER RIDGE,35.0890917,-118.975825,Wheeler Ridge Substation,0.7,line-one-end
WESIX,WESIX,,,,0.62,none
WEST FRESNO,WEST FRESNO SUBSTATION,,,,0.69,none
WESTFIELD,WESTFIELD SUB,,,,0.71,none
WESTLANDS,WESTLANDS,,,,0.82,none
WESTLEY QUINTO,WESTLEY-QUINTO,37.31800575,-121.14988335,Westley Substation | Quinto Substation,1.0,line-midpoint
WESTPARK MAGUNDEN,WESTPARK-MAGUNDEN,35.3611831,-118.9227967,Magunden Substation,0.7,line-one-end
WESTWOOD,WESTWOOD,40.2998877,-121.0015104,Westwood Substation,1.0,exact
WHEATON,WHEATON SUBSTATION,,,,0.83,none
WHEELER RIDGE LAKEVIEW,WHEELER RIDGE-LAKEVIEW,35.0890917,-118.975825,Wheeler Ridge Substation,0.7,line-one-end
TRIMBLE,TRIMBLE SUBSTATION,37.3819522,-121.9271433,Trimble Substation,1.0,exact
0 2 MILE FROM MORO HILL ON THE MORO HILL MONSERATE,0.2-MILE FROM MORO HILL TAP ON THE MORO HILL TAP - MONSERATE,,,,0.5,none
WHEELER RIDGE TEJON,WHEELER RIDGE-TEJON,35.0890917,-118.975825,Wheeler Ridge Substation,0.7,line-one-end
WHIRLWIND WINDHUB,WHIRLWIND - WINDHUB,34.9464172,-118.35909265000001,Whirlwind Substation | Windhub Substation,1.0,line-midpoint
WILDLIFE,WILDLIFE SUBSTATION,,,,0.62,none
WILSON LE GRAND115KV,WILSON - LE GRAND,37.2925967,-120.4075244,Wilson Substation,0.7,line-one-end
WILSON ORO LOMA,WILSON-ORO LOMA,37.2925967,-120.4075244,Wilson Substation,0.7,line-one-end
WINDMASTER BUENA VISTA,WINDMASTER/BUENA VISTA SUB,,,,0.37,none
WINHUB VIA HIGHWIND,WINHUB,,,,0.92,none
WOODLAND DAVIS,WOODLAND-DAVIS,38.61183225,-121.7470684,Woodland Substation | Davis Substation,1.0,line-midpoint
WOODLAND ZAMORA RIO OSO,WOODLAND - ZAMORA - RIO OSO #2,38.72699215,-121.8090741,Woodland Substation | Zamora Substation,1.0,line-midpoint
WOODWARD SANGER,WOODWARD-SANGER,36.80231155,-119.68115155000001,Woodward Substation | Sanger Substation,1.0,line-midpoint
3 230 COLLECTOR LOOP TEHACHAPI,SEGMENT 3 230 COLLECTOR LOOP TEHACHAPI,,,,0.42,none
0 2 MILES FROM MONSRATE ON THE MONSRATE PALA,0.2 MILES FROM MONSRATE TAP  ON THE MONSRATE TAP-PALA,,,,0.67,none
TRINITY COTTONWOOD,TRINITY-COTTONWOOD,40.55795175,-122.5993445,Trinity Substation | Cottonwood Substation,1.0,line-midpoint
TULARE HENRIETTA,TULARE HENRIETTA,,,,0.72,none
TULARE LAKE ARCO,TULARE LAKE - ARCO,,,,0.71,none
TULLOCH,TULLOCH,,,,0.59,none
TUPMAN,TUPMAN SUBSTATION,,,,0.67,none
TWL SERIES COMPENSATION,TWL SERIES COMPENSATION STATION,,,,0.55,none
UKIAH,UKIAH SUBSTATION,,,,0.6,none
VACA BAHIA,VACA-BAHIA,38.0808738,-122.1374133,Bahia Substation,0.7,line-one-end
VACA LAKEVILLE,VACA-LAKEVILLE #1,38.2508462,-122.5810974,Lakeville Substation,0.7,line-one-end
VACA RIO OSO,TAP VACA-RIO OSO,38.9351998,-121.4667925,Rio Oso Substation,0.7,line-one-end
VACA TESLA,VACA-TESLA,37.7120521,-121.5647373,Tesla Substation,0.7,line-one-end
VACA VACAVILLE JAMESON NORTH TOWER,VACA-VACAVILLE-JAMESON-NORTH TOWER,38.3564548,-121.9806245,Vacaville Substation,0.7,line-one-end
WARNERS,WARNERS,,,,0.92,none
VALLEY SPRINGS MARTEL,VALLEY SPRINGS MARTEL #2,,,,0.44,none
VASCO,VASCO,,,,0.8,none
VASCO HERDLYN,VASCO-HERDLYN,,,,0.8,none
VEA SANDY VALLEY,VEA SANDY VALLEY,,,,0.86,none
VENWIND PORTION OF DEVERS GARNETT VENWIND,VENWIND PORTION OF DEVERS-GARNETT-VENWIND LINE,,,,0.92,none
VESTAL MAGUNDEN,VESTAL-MAGUNDEN #2,35.60120695,-119.0037159,Vestal Substation | Magunden Substation,1.0,line-midpoint
VICTOR,VICTOR SUBSTATION,,,,0.86,none
VICTORVILLE,VICTORVILLE SUBSTATION,34.5642973,-117.3198626,Victorville Substation,1.0,exact
VILLA PARK,VILLA PARK SUBSTATION,33.8149647,-117.8341037,Villa Park Substation,1.0,exact
VINCENT LUGO,VINCENT-LUGO,34.42588295,-117.74453675000001,Vincent Substation | Lugo Substation,1.0,line-midpoint
VISTA,VISTA SUBSTATION,36.3172993,-116.010797,Vista Substation,1.0,exact
VISTA MIRA LOMA,VISTA - MIRA LOMA,34.02436175,-117.44242585,Vista Substation | Mira Loma Substation,1.0,line-midpoint
WARNER,WARNER SUBSTATION,41.5002978,-120.5333491,Warner Substation,0.5,ambiguous
VALLEY CENTER,VALLEY CENTER SUBSTATION,,,,0.63,none
RIO DELL,RIO DELL SUBSTATION,,,,0.67,none
RIO OSO ATLANTIC RIO OSO GOLD HILL,RIO OSO-ATLANTIC,38.84938525,-121.36541725000001,Rio Oso Substation | Atlantic Substation,1.0,line-midpoint
RIO OSO LOCKFORD,RIO OSO-LOCKFORD,38.9351998,-121.4667925,Rio Oso Substation,0.7,line-one-end
RIO OSO WOODLAND,RIO OSO - WOODLAND #1,38.806834949999995,-121.6134179,Rio Oso Substation | Woodland Substation,1.0,line-midpoint
ROSAMOND 52,ROSAMOND,,,,0.77,none
ROSAMOND ANTELOPE,,,,,0.0,none
ROSAMOND CAL CEMENT,ROSAMOND-CAL CEMENT,,,,0.77,none
ROSAMOND CORUM,ROSAMOND-CORUM,,,,0.77,none
ROSAMOND DEL SUR,ROSAMOND-DEL SUR,,,,0.77,none
ROSAMOND DELSUR,,,,,0.0,none
ROSEDALE,,,,,0.0,none
ROUND MOUNTAIN,ROUND MOUNTAIN SUBSTATION,40.8079932,-121.935934,Round Mountain Substation,1.0,exact
STOCKTON A LOCKEFORD BELLOTA LINES TESLA TRACY,STOCKTON¿A¿-LOCKEFORD-BELLOTA,38.1177245,-121.160115,Lockeford Substation,0.7,line-one-end
SALADO MILLER,SALADO-MILLER,37.4217214,-121.1474784,Salado Substation,0.7,line-one-end
SALADO NEWMAN POLE 13,SALADO- NEWMAN,37.368649500000004,-121.0811868,Salado Substation | Newman Substation,1.0,line-midpoint
SALT CREEK,SALT CREEK SUBSTATION,,,,0.82,none
SAN BENITO HOLLISTER,SAN BENITO - HOLLISTER,36.8658578,-121.4777875,San Benito Substation | Hollister Substation,1.0,line-midpoint
SAN BERNADINO,SAN BERNADINO,34.0799529,-117.2389874,San Bernardino Substation,0.96,fuzzy
SAN BERNADINO 220 M127 KV,SAN BERNADINO 220+M,,,,0.1,none
SAN BERNARDINO,SAN BERNARDINO SUBSTATION,34.0799529,-117.2389874,San Bernardino Substation,1.0,exact
SAN LUIS OBISPO TREMBLOR,SAN LUIS OBISPO-TREMBLOR,,,,0.7,none
SAN LUIS REY,SAN LUIS REY SUBSTATION,33.2112992,-117.3345198,San Luis Rey Substation,1.0,exact
SAN LUIS REY MELROSE,SAN LUIS REY-MELROSE,33.2112992,-117.3345198,San Luis Rey Substation,0.7,line-one-end
SAN LUIS REY MISSION TRANSMISSION,SAN LUIS REY¿MISSION,,,,0.75,none
SAN LUIS REY PENDLETON,SAN LUIS REY-PENDLETON,33.2112992,-117.3345198,San Luis Rey Substation,0.7,line-one-end
SALADO,SALADO,37.4217214,-121.1474784,Salado Substation,1.0,exact
PIUTE,PIUTE SUB,,,,0.73,none
PIUTE LANCASTER,PIUTE-LANCASTER,,,,0.73,none
PIUTE REDMAN,PIUTE-REDMAN,,,,0.73,none
PIUTE REDMOND,PIUTE-REDMOND,,,,0.86,none
PLEASANT GROVE,PLEASANT GROVE SUB STATION,38.8221004,-121.3065142,Pleasant Grove Substation,1.0,exact
PLUTE LANCASTER,PLUTE-LANCASTER,,,,0.73,none
POI IS AT A DESIGNATED GOOGLE COORDINATES,,,,,0.0,none
POINT ARENA,POINT ARENA SUBSTATION,,,,0.67,none
POINT LOMA,POINT LOMA SUBSTATION,32.7414519,-117.2334812,Point Loma Substation,1.0,exact
POMERADO,POMERADO SUBSTATION,,,,0.67,none
POTRERO,POTRERO,37.7568233,-122.3860796,Potrero Switchyard,0.5,ambiguous
PRIMM,PRIMM SUBSTATION,35.6409768,-115.349316,Primm Substation,1.0,exact
RIO DEL BRIDGEVILLE,RIO DEL JUNCTION - BRIDGEVILLE,,,,0.8,none
PROPOSED MIDPOINT,PROPOSED MIDPOINT SUBSTATION,,,,0.53,none
PROPOSED ON THE HASSAYAMA NORTH GILA BEND,PROPOSED SWITCH STATION ON THE HASSAYAMA-NORTH GILA BEND,,,,0.8,none
PROXIMATE TO THE CUYAMA,,,,,0.0,none
Q1244,Q1244 SWITCHING STATION,,,,0.44,none
RANCHO MISSION VIEJO,RANCHO MISSION VIEJO SUBSTATION,33.5263975,-117.598729,Rancho Mission Viejo Substation,1.0,exact
RANCHO VISTA,RANCHO VISTA,34.087978,-117.5337016,Rancho Vista Substation,1.0,exact
RATTLESNAKE,RATTLESNAKE SWITCHYARD,,,,0.6,none
REDBUD CORTINA,REDBUD-CORTINA,39.1206016,-122.2231973,Cortina Substation,0.7,line-one-end
REDMAN,REDMAN SUBSTATION,,,,0.71,none
REDMAN LANCASTER,REDMAN-LANCASTER,,,,0.71,none
REDMAN PIUTE,REDMAN-PIUTE,,,,0.73,none
REDONDO BEACH,REDONDO BEACH GENERATING STATION,,,,0.7,none
RIO BRAVO TOMATO,RIO BRAVO TOMATO SUBSTATION,,,,0.56,none
PROPOSED ELDORADO IVANPAH,PROPOSED ELDORADO-IVANPAH,35.5444422,-115.4687507,Ivanpah Substation,0.7,line-one-end
SF AIRPORT,SF AIRPORT SUBSTATION,,,,0.82,none
SHADOWRIDGE,SHADOWRIDGE SUBSTATION,33.1414668,-117.238851,Shadowridge Substation,1.0,exact
SHINGLE SPRINGS,SHINGLE SPRINGS SUBSTATION,38.6592948,-120.9472318,Shingle Springs Substation,1.0,exact
SILVER QUEEN GOLDTOWN,SILVER QUEEN-GOLDTOWN,,,,0.88,none
SILVERGATE,SILVERGATE SUBSTATION,,,,0.74,none
SISQUOC,SISQUOC SUBSTATION,,,,0.62,none
SLO TO OCEANO,SLO TO OCEANO,35.101535,-120.5810329,Oceano,0.7,line-one-end
SMARTVILLE CAMP FAR WEST,SMARTVILLE-CAMP FAR WEST,,,,0.95,none
SMYRNA,SMYRNA SUBSTATION,,,,0.67,none
SMYRNA ALPAUGH,SMYRNA-ALPAUGH,,,,0.67,none
SMYRNA SEMITROPIC MIDWAY,SMYRNA - SEMITROPIC - MIDWAY,35.6008203,-119.437539,Semitropic Substation,0.7,line-one-end
SOBRANTE STANDARD OIL,SOBRANTE-STANDARD OIL SW STA #1,37.9254589,-122.29469075,Sobrante Substation | Standard Oil 5 Substation,0.92,line-midpoint
SAN LUIS REY STUART,SAN LUIS REY-STUART,35.5346611,-119.80155819999999,San Luis Rey Substation | Stuart Substation,1.0,line-midpoint
SOLADO,SOLADO SUB,,,,0.83,none
SOLAR,SOLAR SWITCHING STATION,,,,0.5,none
SOLARSS,SOLARSS SWITCHING STATION,,,,0.71,none
SOLEDAD,SOLEDAD #1,36.4301332,-121.3325147,Soledad Substation,1.0,exact
SOUTHWEST POWER LINK,SOUTHWEST POWER LINK,,,,0.62,none
SPENCE,SPENCE SUBSTATION,,,,0.67,none
SPI OF PG E S CARIBOU PLUMAS NEAR POLE 17 12,SPI,,,,0.67,none
SPRING VALLEY,SPRING VALLEY SUBSTATION,32.7390773,-117.0027506,Spring Valley Substation,1.0,exact
SPRINGERVILLE MUGUNDEN,SPRINGERVILLE MUGUNDEN,,,,0.67,none
SPRINGVILLE RECTOR,SPRINGVILLE-RECTOR,36.2058923,-119.09165730000001,Springville Substation | Rector Substation,1.0,line-midpoint
STANDARD OIL,STANDARD OIL SWITCHING STATION,37.9454586,-122.3811407,Standard Oil 5 Substation,0.92,fuzzy
STANISLAUS MANTECA,STANISLAUS - MANTECA #2,37.9695514,-120.7972392,Stanislaus | Manteca Substation,1.0,line-midpoint
STOCKTON A COGENERATION NATIONAL,STOCKTON A #1 LINE,,,,0.59,none
SOBRANTE STANDARD OIL SWITCHING STN,SOBRANTE - STANDARD OIL SWITCHING STN #1,37.9054592,-122.2082408,Sobrante Substation,0.7,line-one-end
SAN MATEO,SAN MATEO,37.5830081,-122.3192431,San Mateo Substation,0.5,ambiguous
SAN ONOFRE,SAN ONOFRE,,,,0.63,none
SAN ONOFRE NUCLEAR,SAN ONOFRE NUCLEAR GENERATING STATION,,,,0.55,none
SAN YSABEL,SAN YSABEL SUBSTATION,,,,0.82,none
SANDLOT,SANDLOT SUBSTATION,,,,0.62,none
SANGER CO GEN 115 13 8KV,SANGER CO-GEN 115/13.8KV SUB,,,,0.8,none
SANGER REEDLEY,SANGER-REEDLEY,36.7083453,-119.6112851,Sanger Substation,0.7,line-one-end
SANTA CLARA,SANTA CLARA SUBSTATION,34.3021917,-119.1854388,Santa Clara Substation,1.0,exact
SANTA MARIA COGEN,SANTA MARIA COGEN,,,,0.67,none
SANTA NELLA CANAL,SANTA NELLA-CANAL,,,,0.73,none
SANTA ROSA CORONA,SANTA ROSA-CORONA,33.816028849999995,-116.98186925,Santa Rosa Substation | Corona Substation,1.0,line-midpoint
SCE HIGHWIND,SCE HIGHWIND SUB #2 (PROPOSED),,,,0.6,none
SERRANO,SERRANO SUBSTATION,33.8289323,-117.7897166,Serrano Substation,1.0,exact
SCE PORTION OF KRAMER BLM WEST,SCE PORTION OF KRAMER BLM WEST,,,,0.33,none
SCE RANCHO VISTA,SCE RANCHO VISTA,,,,0.86,none
SCE VALLEY,SCE VALLEY SUBSTATION,,,,0.75,none
SCE WHIRLWIND,SCE WHIRLWIND SUBSTATION,,,,0.82,none
SCHINDLER,SCHINDLER SUBSTATION,,,,0.62,none
SCHINDLER COALINGA,SCHINDLER-COALINGA #2,,,,0.71,none
SCHINDLER HURON GATES,SCHINDLER-HURON-GATES,,,,0.67,none
SCHINDLER TRANSMISSION,SCHINDLER TRANSMISSION LINE TAP,,,,0.59,none
SCRIPPS,SCRIPPS SUBSTATION,32.9111127,-117.1126304,Scripps Substation,1.0,exact
SDG E MARGARITA,SDG&E MARGARITA SUBSTATION,,,,0.75,none
SDG E PALA,SDG&E PALA SUBSTATION,,,,0.18,none
SEMITROPIC,SEMITROPIC,35.6008203,-119.437539,Semitropic Substation,1.0,exact
SEMITROPIC MIDWAY,SEMITROPIC  - MIDWAY #1,35.501881600000004,-119.44491875,Semitropic Substation | Midway Substation,1.0,line-midpoint
SCE MOHAVE,SCE MOHAVE SUBSTATION,,,,0.75,none
COOL WATERDUNN SIDING BAKER MOUNT PASS IVANPAH,COOL WATERDUNN SIDING BAKER MOUNT PASS IVANPAH,,,,0.26,none
COOLEY LANDING,COOLEY LANDING,37.4737395,-122.1279853,Cooley Landing Substation,1.0,exact
COOLWATER,COOLWATER SUBSTATION,,,,0.67,none
COOLWATER DUNN SIDING,COOLWATER-DUNN SIDING,,,,0.67,none
COOLWATER DUNNSIDING BAKER,COOLWATER-DUNNSIDING-BAKER SUBSTATION,,,,0.67,none
COOLWATER KRAMER,COOLWATER-KRAMER,34.9896952,-117.5421983,Kramer Substation,0.7,line-one-end
COPUS OLD RIVER,COPUS-OLD RIVER,,,,0.71,none
COPUS ROAD,COPUS ROAD SUB,,,,0.62,none
CORAM ROSEMOND,CORAM-ROSEMOND,,,,0.75,none
CORCORAN,CORCORAN,36.109471,-119.5576041,Corcoran Substation,1.0,exact
CORCORAN GUERNSEY,CORCORAN-GUERNSEY,36.109471,-119.5576041,Corcoran Substation,0.7,line-one-end
CORCORAN KINGSBURG,CORCORAN- KINGSBURG #1,36.109471,-119.5576041,Corcoran Substation,0.7,line-one-end
YUBA CITY COGEN PEASE,YUBA CITY COGEN TAP LINE-PEASE,39.1698803,-121.6610022,Pease Substation,0.7,line-one-end
CORCORAN SMYRNA,CORCORAN-SMYRNA,36.109471,-119.5576041,Corcoran Substation,0.7,line-one-end
CORRAL,CORRAL SUBSTATION,,,,0.71,none
CORTINA MENDOCINO AND CORTINA EAGLE ROCK LINES,CORTINA-MENDOCINO  AND  CORTINA-EAGLE ROCK,39.1206016,-122.2231973,Cortina Substation,0.7,line-one-end
CORTINA VACA 230 DELEVAN VACA AND DELEVAN VACA,CORTINA - VACA 230; DELEVAN - VACA #1,39.1206016,-122.2231973,Cortina Substation,0.7,line-one-end
CORUM GOLDTOWN,CORUM-GOLDTOWN,,,,0.88,none
COSO KRAMER,COSO-KRAMER,34.9896952,-117.5421983,Kramer Substation,0.7,line-one-end
COTTONWIND WHIRLWIND,COTTONWIND-WHIRLWIND,34.8578451,-118.4373291,Whirlwind Substation,0.7,line-one-end
COTTONWOOD,COTTONWOOD SUBSTATION,40.3979023,-122.2642981,Cottonwood Substation,1.0,exact
COTTONWOOD DELEVAN,COTTONWOOD-DELEVAN,39.8830556,-122.2668831,Cottonwood Substation | Delevan Substation,1.0,line-midpoint
COTTONWOOD DELEVAN AND,COTTONWOOD-DELEVAN #1 AND #2,40.3979023,-122.2642981,Cottonwood Substation,0.7,line-one-end
COTTONWOOD LOGAN CREEK VACA DIXON,TAP COTTONWOOD-LOGAN CREEK-VACA DIXON,39.968705099999994,-122.26365785,Cottonwood Substation | Logan Creek Substation,1.0,line-midpoint
COTTONWOOD SAVAGE,COTTONWOOD-SAVAGE,40.3979023,-122.2642981,Cottonwood Substation,0.7,line-one-end
CORCORAN OLIVE,CORCORAN-OLIVE,36.109471,-119.5576041,Corcoran Substation,0.7,line-one-end
CHRISTIE,CHRISTIE SUBSTATION,38.0027466,-122.2082843,Christie Substation,1.0,exact
CKT I 2 DELEVAN VACA AND CORTINA VACA LINES,CKT I & 2 DELEVAN-VACA AND CORTINA-VACA,,,,0.64,none
COALINGA,COALINGA,,,,0.71,none
COALINGA 1 COALINGA 2,COALINGA 1-COALINGA 2,,,,0.63,none
COALINGA 1 GATES,COALINGA 1-GATES,36.1413374,-120.1256622,Gates Substation,0.7,line-one-end
COALINGA COALINGA APPROX 1 9 MILES SOUTH OF COALINGA AND 1 MILE EAST OF THE PROJECT SITE,COALINGA #2 - COALINGA #1,,,,0.71,none
COALINGA COGEN,COALINGA COGEN TAP,,,,0.64,none
COALINGA COGEN TORNADO DIST,COALINGA COGEN,,,,0.64,none
COALINGA GATES,COALINGA - GATES #1,36.1413374,-120.1256622,Gates Substation,0.7,line-one-end
COALINGA MENDOTA ROAD,COALINGA-MENDOTA ROAD,,,,0.73,none
COALINGA SAN MIGUEL,COALINGA #1 - SAN MIGUEL,34.255997,-119.2418562,San Miguel Substation,0.7,line-one-end
COALINGA SCHINDLER,COALINGA #2-SCHINDLER,,,,0.71,none
COOL WATER SEGS2 TORTILLA,COOL WATER-SEGS2-TORTILLA,,,,0.64,none
COBURN,COBURN SUB,,,,0.73,none
COLGATE CHALLENGE,COLGATE-CHALLENGE,,,,0.75,none
COLLECTOR 40 MI EAST OF NGILA AND 4 5 MI W OF PROPOSED AGUA CALIENTE,,,,,0.0,none
COLLECTOR AT GEYSERS FULTON,COLLECTOR SUB AT GEYSERS #17 FULTON,,,,0.36,none
COLORADO RIVER DELANEY,COLORADO RIVER-DELANEY,33.5806241,-114.8172191,Colorado River Substation,0.7,line-one-end
CONTRA COSTA DELTA,CONTRA COSTA-DELTA,37.8990973,-121.70127695,Contra Costa Substation | Delta Switching Station,1.0,line-midpoint
CONTRA COSTA DELTA YARD,CONTRA COSTA-DELTA SW YARD,37.9993561,-121.7824183,Contra Costa Substation,0.7,line-one-end
CONTROL,CONTROL SUBSTATION,37.3360126,-118.4815393,Control Substation,1.0,exact
CONTROL HAIWEE INYOKERN,CONTROL-HAIWEE-INYOKERN,37.3360126,-118.4815393,Control Substation,0.7,line-one-end
CONTROL INYOKERN,CONTROL-INYOKERN,36.49433005,-118.1387156,Control Substation | Inyokern Substation,1.0,line-midpoint
CONTROL SILVERPEAK,CONTROL-SILVERPEAK,37.3360126,-118.4815393,Control Substation,0.7,line-one-end
COOL WATER,COOL WATER SUBSTATION,,,,0.64,none
COOL WATER KRAMER,COOL WATER-KRAMER #1,34.9896952,-117.5421983,Kramer Substation,0.7,line-one-end
COALINGA TORNADO POLE NUMBER 4 3,COALINGA #1-TORNADO,,,,0.71,none
DIABLO CANYON CIRCUIT BREAKERS 532 AND 632,DIABLO CANYON SUBSTATION CIRCUIT BREAKERS 532 AND 632,,,,0.47,none
DIABLO CANYON CIRCUIT BREAKERS 542 AND 642,DIABLO CANYON SUBSTATION CIRCUIT BREAKERS 542 AND 642,,,,0.47,none
DIABLO CANYON CIRVUIT BREAKERS 532 AND 632,DIABLO CANYON SUBSTATION CIRVUIT BREAKERS 532 AND 632,,,,0.47,none
DIABLO CANYON GATES,DIABLO CANYON-GATES,35.67875665,-120.48647804999999,Diablo Canyon | Gates Substation,1.0,line-midpoint
DIABLO CANYON MIDWAY,DIABLO CANYON - MIDWAY #3,35.3095594,-120.1497962,Diablo Canyon | Midway Substation,1.0,line-midpoint
DIABLO CANYON MORRO BAY AND DIABLO CANYON MESA LINES,DIABLO CANYON - MORRO BAY,35.295027000000005,-120.8514409,Diablo Canyon | Morro Bay,1.0,line-midpoint
DIABLO GATES,DIABLO-GATES,36.1413374,-120.1256622,Gates Substation,0.7,line-one-end
DIVIDE CABRILLO,DIVIDE-CABRILLO #2,34.6432014,-120.4372204,Cabrillo Substation,0.7,line-one-end
DIXON LANDING MCKEE,DIXON LANDING - MCKEE,37.41186415,-121.882413,Dixon Landing Substation | McKee Substation,1.0,line-midpoint
DIXON VACA,DIXON-VACA #2,38.4449851,-121.8262386,Dixon Substation,0.7,line-one-end
DONNELS CURTIS AT PG E 183 115VK,DONNELS-CURTIS AT PG&E SWITCH 183 115VK,,,,0.67,none
DU PONT,DU PONT SUBSTATION,,,,0.62,none
CPN CREED GOOSE HAVEN SUBS LAMBIE,CPN CREED/ GOOSE HAVEN SUBS - LAMBIE SWITCHING STATION,38.2214947,-121.8669216,Lambie Substation,0.7,line-one-end
DUNN SIDING,DUNN SIDING SUBSTATION,,,,0.6,none
DUNN SIDING COOL WATER,DUNN SIDING COOL WATER,,,,0.54,none
EAGLE MOUNTAIN,EAGLE MOUNTAIN SUBSTATION,33.8104972,-115.4527258,Eagle Mountain Substation,1.0,exact
EAGLE MOUNTAIN BLYTHE,EAGLE MOUNTAIN-BLYTHE,33.71089485,-115.06650594999999,Eagle Mountain Substation | Blythe Substation,1.0,line-midpoint
EAGLE MOUNTAIN BLYTHE SCE,EAGLE MOUNTAIN-BLYTHE SCE,33.8104972,-115.4527258,Eagle Mountain Substation,0.7,line-one-end
EAGLE ROCK,EAGLE ROCK,34.1508286,-118.1843149,Eagle Rock Switchyard,0.5,ambiguous
EAST NICOLAUS,EAST NICOLAUS,38.9097437,-121.5424907,East Nicolaus Substation,1.0,exact
EASTGATE,EASTGATE SUBSTATION,32.8848282,-117.200837,Eastgate Substation,1.0,exact
EASTSHORE,EASTSHORE SUBSTATION,37.6248148,-122.1170695,Eastshore Substation,1.0,exact
ECO,ECO SUB,,,,0.75,none
ECO MIGUEL,ECO-MIGUEL,32.6790263,-116.9838422,Miguel Substation,0.7,line-one-end
EITHER GOLDTOWN CORUM OR GOLDTOWN LANCASTER ON HOLT ST,EITHER GOLDTOWN-CORUM OR GOLDTOWN-LANCASTER,,,,0.61,none
EL CAJON,EL CAJON SUBSTATION,32.795407,-116.9723728,El Cajon Substation,1.0,exact
DUMBARTON NEWARK,DUMBARTON-NEWARK,37.528946,-122.0222249,Dumbarton Substation | Newark Substation,1.0,line-midpoint
CRAZY EYE,CRAZY EYE TAP SUBSTATION,,,,0.53,none
CRAZY EYES,CRAZY EYES TAP,,,,0.6,none
CRAZY EYES SUBSATION,CRAZY EYES SUBSATION,,,,0.76,none
CREELMAN,CREELMAN SUBSTATION,33.0180671,-116.8530464,Creelman Substation,1.0,exact
CRESTWOOD,CRESTWOOD,,,,0.82,none
CRESTWOOD BOULEVARD EAST,CRESTWOOD-BOULEVARD EAST,,,,0.82,none
CROW CREEK,CROW CREEK SWITCHING STATION,,,,0.8,none
CROWS LANDING,CROWS LANDING SUBSTATION,37.6091235,-120.9928555,Crows Landing Substation,1.0,exact
CUYAMA,CUYAMA SUBSTATION,,,,0.6,none
CUYAMA 2,CUYAMA 2 SUBSTATION,,,,0.53,none
DAIRYLAND LEGRAND,DAIRYLAND - LEGRAND,,,,0.78,none
DAIRYLAND MENDOTA,DAIRYLAND-MENDOTA,,,,0.78,none
DEVERS VISTA,DEVERS-VISTA #1,33.9893425,-116.9486256,Devers Substation | Vista Substation,1.0,line-midpoint
DEL DUR LANCASTER RITE AID,DEL-DUR-LANCASTER-RITE AID,,,,0.6,none
DEL SUR,DEL SUR SUBSTATION,,,,0.71,none
DELEVAN,DELEVAN,39.3682089,-122.2694681,Delevan Substation,1.0,exact
DELEVAN VACA,DELEVAN-VACA #3,39.3682089,-122.2694681,Delevan Substation,0.7,line-one-end
DESERT VIEW,DESERT VIEW SUBSTATION,,,,0.61,none
DESERT VIEW INNOVATION,DESERT VIEW-INNOVATION,36.5822326,-115.9473218,Innovation Substation,0.7,line-one-end
DEVERS EL CASCO,DEVERS-EL CASCO LINE,33.9379937,-116.5766239,Devers Substation,0.7,line-one-end
DEVERS FARREL,DEVERS-FARREL,33.9379937,-116.5766239,Devers Substation,0.7,line-one-end
DEVERS GARNET VENWIND,DEVERS-GARNET-VENWIND,33.9195175,-116.56035825000001,Devers Substation | Garnet Substation,1.0,line-midpoint
DEVERS MIRAGE JULIAN HINDS,DEVERS-MIRAGE-JULIAN HINDS,33.878169400000004,-116.47309824999999,Devers Substation | Mirage Substation,1.0,line-midpoint
DEVERS PALO VERDE,DEVERS-PALO VERDE,,,rejected: Devers Substation is not in AZ,0.0,state-mismatch
DEVERS SAN BERNARDINO,DEVERS-SAN BERNARDINO LINE,34.0089733,-116.90780565,Devers Substation | San Bernardino Substation,1.0,line-midpoint
DEVERS VENWIND,DEVERS-VENWIND,33.9379937,-116.5766239,Devers Substation,0.7,line-one-end
DAIRYLAND MENDOTA TRANSMISSION,DAIRYLAND-MENDOTA TRANSMISSION LINE,,,,0.78,none
ARCO TWISSELMAN,ARCO-TWISSELMAN,,,,0.67,none
ARTESIAN RANCH,ARTESIAN RANCH SUBSTATION,,,,0.73,none
ASH VALLEY CENTER,ASH - VALLEY CENTER,,,,0.63,none
AT 125 OUTSIDE HARTER,AT SWITCH 125 OUTSIDE HARTER SUB,,,,0.53,none
AT OCOTILLO EXPRESS,,,,,0.0,none
AT POSDEF QF FACILITY,,,,,0.0,none
AT THE KELSO VIA THE MARIPOSA ENERGY TIE,,,,,0.0,none
ATLANTIC,ATLANTIC,38.7635707,-121.264042,Atlantic Substation,1.0,exact
AVOCADO MONSERATE APPROX 2 5 MILE FROM MONSERATE,AVOCADO-MONSERATE,33.3702403,-117.1746401,Avocado Substation | Monserate,1.0,line-midpoint
BAHIA MORAGA,BAHIA   MORAGA,,,,0.67,none
BAILEY,BAILEY SUBSTATION,34.7766122,-118.7746647,Bailey Substation,1.0,exact
BAIR,BAIR SUBSTATION,,,,0.75,none
CHOWCHILLA KERCKHOFF LIN3,CHOWCHILLA-KERCKHOFF #2,,,,0.71,none
BARRETT CAMERON,BARRETT-CAMERON,,,,0.92,none
BAY BOULEVARD,BAY BOULEVARD,32.6081616,-117.0945795,Bay Boulevard Substation,1.0,exact
BEAR MOUNTAIN BEAR MOUNTAIN,BEAR MOUNTAIN - BEAR MOUNTAIN TAP,,,,0.85,none
BELLOTA RIVERBANK,BELLOTA-RIVERBANK,37.936093299999996,-120.96306375,Bellota Substation | Riverbank Switching Station,1.0,line-midpoint
BELLOTA TESLA,BELLOTA - TESLA,37.86390045,-121.289309,Bellota Substation | Tesla Substation,1.0,line-midpoint
BELLOTA WARNERVILLE,BELLOTA-WARNERVILLE,37.87872695,-120.9081226,Bellota Substation | Warnerville Substation,1.0,line-midpoint
BELLOTA WARNERVILLE AND BELLOTA COTTLE LINES,BELLOTA-WARNERVILLE AND BELLOTA COTTLE LINES,38.0157488,-121.0138807,Bellota Substation,0.7,line-one-end
BELOTTA,BELOTTA,,,,0.86,none
BERRENDA C,"BERRENDA ""C"" TAP",,,,0.55,none
BETWEEN COTTONWOOD AND VACA DIXON,BETWEEN COTTONWOOD AND VACA-DIXON,38.4449851,-121.8262386,Dixon Substation,0.7,line-one-end
BETWEEN RIO DEL AND BRIDGEVILLE,BETWEEN RIO DEL JUNCTION AND BRIDGEVILLE,,,,0.45,none
BISHOP,BISHOP  SUBSTATION,,,,0.57,none
BAKER,BAKER SUBSTATION,35.2788987,-116.0744455,Baker Substation,1.0,exact
5,SUBSTATION 5 (AKA WHIRLWIND),,,,0.5,none
WAUKENA,WAUKENA SUBSTATION,36.1386226,-119.5764766,Waukena Substation,1.0,exact
ANTLELOPE,ANTLELOPE SUB,,,,0.94,none
WHEELER RIDGE MIDWAY,WHEELER RIDGE-MIDWAY,35.2460173,-119.21406175,Wheeler Ridge Substation | Midway Substation,1.0,line-midpoint
WHEELER RIDGE LAMONT,WHEELER RIDGE-LAMONT,35.0890917,-118.975825,Wheeler Ridge Substation,0.7,line-one-end
230 138 SOUTH BAY,230/138/,,,,0.46,none
ALAMITOS,ALAMITOS SWITCHING STATION,,,,0.75,none
ALPAUGH,ALPAUGH,,,,0.67,none
ALPAUGH SMYRNA,ALPAUGH-SMYRNA,,,,0.67,none
AMARGOSA,AMARGOSA SUB,,,,0.75,none
ANGIOLA,ANGIOLA SUB,,,,0.73,none
ANTELOPE CAL CEMENT,ANTELOPE CAL CEMENT,,,,0.59,none
ARCO TULARE LAKE,ARCO-TULARE LAKE,,,,0.71,none
ANTELOPE MAGUNDEN,ANTELOPE- MAGUNDEN #2,35.023495499999996,-118.6104564,Antelope Substation | Magunden Substation,1.0,line-midpoint
ANTELOPE NEENACH,ANTELOPE-NEENACH,34.6858079,-118.2981161,Antelope Substation,0.7,line-one-end
ANTELOPE PIUTE,ANTELOPE-PIUTE,34.6858079,-118.2981161,Antelope Substation,0.7,line-one-end
ANTELOPE ROSAMOND,ANTELOPE-ROSAMOND,34.6858079,-118.2981161,Antelope Substation,0.7,line-one-end
ZONDWIND,ZONDWIND SUB,,,,0.59,none
APPLE HILL,APPLE HILL SUBSTATION,38.7395774,-120.6771808,Apple Hill Substation,1.0,exact
APPROX 4 MI SOUTH OF THE PENASQUITOS ALONG THE EAST SIDE OF THE PENASQUITOS OLD TOWN,APPROX 4 MI SOUTH OF THE PENASQUITOS SUB ALONG THE EAST SIDE OF THE PENASQUITOS-OLD TOWN,32.7660854,-117.1923901,Old Town Substation,0.7,line-one-end
ARCO CANERAS,ARCO CANERAS,,,,0.57,none
ARCO CARNERAS,ARCO-CARNERAS,,,,0.71,none
ARCO GEN LINES,ARCO GEN #1 & #2,,,,0.71,none
ARCO MIDWAY GATES MIDWAY,ARCO-MIDWAY & GATES-MIDWAY,,,,0.67,none
ARCO POLONIO PASS,ARCO - POLONIO PASS,,,,0.67,none
ARCO POLONIOS PASS,ARCO - POLONIOS PASS,,,,0.67,none
ANTELOPE CALCEMENT,ANTELOPE-CALCEMENT,34.6858079,-118.2981161,Antelope Substation,0.7,line-one-end
CALIENTE,CALIENTE SWITCHING STATION,,,,0.71,none
CALIENTE MIDWAY,CALIENTE SW STA-MIDWAY #1,35.4029429,-119.4522985,Midway Substation,0.7,line-one-end
CALIFORNIA FLATS,CALIFORNIA FLATS SWITCHING STATION,,,,0.77,none
CALLENDER,CALLENDER SW STA,,,,0.89,none
CAMANCHE VIA THE CAMANCHE POWERHOUSE,CAMANCHE,,,,0.67,none
CAMDEN,CAMDEN SUBSTATION,33.7131376,-117.8836985,Camden Substation,1.0,exact
CAMDEN LEMOORE,CAMDEN JUNCTION-LEMOORE TAP,33.7131376,-117.8836985,Camden Substation,0.7,line-one-end
CAMERON,CAMERON SUBSTATION,,,,0.77,none
CAMINO IRON MOUNTAIN,CAMINO-IRON MOUNTAIN,36.3225741,-115.2082305,Iron Mountain Substation,0.7,line-one-end
CANTUA,CANTUA,,,,0.73,none
CANWIND,CANWIND SUBSTATION,,,,0.57,none
CARBERRY,CARBERRY SWITCHING STATION,40.8592127,-121.7529606,Carberry Switching Station,1.0,exact
BISHOP CONTROL,BISHOP CONTROL SUBSTATION,,,,0.67,none
CARIBOU WESTWOOD,CARIBOU - WESTWOOD,40.2998877,-121.0015104,Westwood Substation,0.7,line-one-end
CARNERAS TAFT,CARNERAS-TAFT,,,,0.71,none
CARUTHERS KINGSBURG,CARUTHERS - KINGSBURG,36.5321389,-119.8816492,Caruthers Substation,0.7,line-one-end
CASCADE COTTONWOOD,CASCADE-COTTONWOOD,40.3979023,-122.2642981,Cottonwood Substation,0.7,line-one-end
CENTER S,CENTER S SUBSTATION,33.9288306,-118.1057084,Center Substation,0.86,fuzzy
CENTERVILLE TABLE MOUNTAIN,CENTERVILLE-TABLE MOUNTAIN,39.5551324,-121.6451687,Table Mountain Substation,0.7,line-one-end
CHANEY,CHANEY #1,,,,0.73,none
CHARLESTON,CHARLESTON SUBSTATION,,,,0.8,none
CHENEY,CHENEY #1 TAP,,,,0.71,none
CHEVGEN,CHEVGEN SUBSTATION,,,,0.67,none
CHICARITA,CHICARITA SUBSTATION,,,,0.71,none
CHINO VIEJO,CHINO-VIEJO,33.832733000000005,-117.66048235,Chino Substation | Viejo Substation,1.0,line-midpoint
CHOWCHILLA,CHOWCHILLA,,,,0.71,none
CARIBOU,CARIBOU,,,,0.67,none
BLACKWELL,BLACKWELL SUBSTATION,,,,0.67,none
BLACKWELL CARNERAS,BLACKWELL-CARNERAS,,,,0.71,none
BLM,BLM SUBSTATION,,,,0.6,none
BLM WEST KRAMER,BLM WEST-KRAMER,34.9896952,-117.5421983,Kramer Substation,0.7,line-one-end
BLUE LAKE POWER,BLUE LAKE POWER SUBSTATION,,,,0.75,none
BLYTHE,BLYTHE SUBSTATION,33.6112925,-114.6802861,Blythe Substation,1.0,exact
BLYTHE EAGLE MOUNTAIN,BLYTHE-EAGLE MOUNTAIN,33.71089485,-115.06650594999999,Blythe Substation | Eagle Mountain Substation,1.0,line-midpoint
BLYTHE ENERGY PARK,BLYTHE ENERGY PARK #1 (BEP1),,,,0.5,none
BOGUE RIO OSO,BOGUE - RIO OSO,39.01555435,-121.54538790000001,Bogue Substation | Rio Oso Substation,1.0,line-midpoint
BORDER,BORDER SUBSTATION,,,,0.67,none
BORDER ALTA AND OTAY MESA ROAD,BORDER SUBSTATION,,,,0.67,none
BORDER BORDER,BORDER - BORDER TAP,,,,0.67,none
CALCITE GEN TIE AT,CALCITE SUBSTATION GEN-TIE AT,,,,0.67,none
BORREGO,BORREGO SUBSTATION,33.5976509,-117.7490005,Borrego Substation,1.0,exact
BOULEVARD,BOULEVARD SUB,,,,0.82,none
BRIDGEVILLE,BRIDGEVILLE SUBSTATION,,,,0.8,none
BRIGHTON BELLOTA,BRIGHTON-BELLOTA,38.28199265,-121.21081625,Brighton Substation | Bellota Substation,1.0,line-midpoint
BRIGHTON CONTRA COSTA,BRIGHTON-CONTRA COSTA,38.2737963,-121.59508505,Brighton Substation | Contra Costa Substation,1.0,line-midpoint
BRIGHTON DAVIS,BRIGHTON-DAVIS,38.54671545,-121.57092265,Brighton Substation | Davis Substation,1.0,line-midpoint
BUTTE TABLE MOUNTAIN,BUTTE-TABLE MOUNTAIN,39.5551324,-121.6451687,Table Mountain Substation,0.7,line-one-end
CABRILL0 DIVIDE,CABRILL0-DIVIDE,,,,0.88,none
CABRILLO,CABRILLO SUBSTATION,34.6432014,-120.4372204,Cabrillo Substation,0.5,ambiguous
CAL CEMENT ANTELOPE,CAL CEMENT-ANTELOPE,34.6858079,-118.2981161,Antelope Substation,0.7,line-one-end
CAL CEMENT MONOLITH WINDLAND,CAL CEMENT-MONOLITH-WINDLAND,,,,0.63,none
CAL CEMENT MONOLITH WINDLAND ARWIND,CAL CEMENT - MONOLITH - WINDLAND - ARWIND,,,,0.63,none
CAL CEMENT ROSAMOND,CAL CEMENT-ROSAMOND,,,,0.77,none
BORDER SALT CREEK,BORDER-SALT CREEK,,,,0.82,none
KONOCTI,KONOCTI SUBSTATION,,,,0.62,none
KRAMER BLM WEST,KRAMER-BLM WEST,34.9896952,-117.5421983,Kramer Substation,0.7,line-one-end
KRAMER COOL WATER,KRAMER-COOL WATER,34.9896952,-117.5421983,Kramer Substation,0.7,line-one-end
KRAMER INYOKERN RANDSBERG,KRAMER-INYOKERN-RANDSBERG NO. 1,35.32117135,-117.6690451,Kramer Substation | Inyokern Substation,1.0,line-midpoint
KRAMER INYOKERN RANDSBURG,KRAMER-INYOKERN-RANDSBURG #1,35.32117135,-117.6690451,Kramer Substation | Inyokern Substation,1.0,line-midpoint
KRAMER LUGO,KRAMER-LUGO #1,34.677758499999996,-117.4557973,Kramer Substation | Lugo Substation,1.0,line-midpoint
KRAMER RANSBURG,KRAMER-RANSBURG,34.9896952,-117.5421983,Kramer Substation,0.7,line-one-end
KRAMER TORTILLA,KRAMER-TORTILLA,34.9896952,-117.5421983,Kramer Substation,0.7,line-one-end
KRAMER VICTOR,KRAMER-VICTOR,34.9896952,-117.5421983,Kramer Substation,0.7,line-one-end
KYOHO,KYOHO TAP,,,,0.5,none
LAKE HODGES METERING,LAKE HODGES METERING SWITCHYARD,,,,0.33,none
LAKEVILLE,LAKEVILLE,38.2508462,-122.5810974,Lakeville Substation,1.0,exact
EL CAPITAN,EL CAPITAN SUBSTATION,,,,0.7,none
LAMBIE CONTRA COSTA,LAMBIE-CONTRA COSTA,38.1104254,-121.82466995,Lambie Substation | Contra Costa Substation,1.0,line-midpoint
LAMMERS,LAMMERS,37.713103,-121.4778009,Lammers Substation,1.0,exact
LANCASTER LITTLE ROCK PIUTE,LANCASTER-LITTLE ROCK-PIUTE,,,,0.67,none
LANCASTER PURIFY REDMAN,LANCASTER-PURIFY-REDMAN,,,,0.67,none
LANCASTER REDMAN,LANCASTER REDMAN,,,,0.57,none
LANCASTER REDMAN PURIFY,LANCASTER-REDMAN-PURIFY,,,,0.71,none
LAS POSITAS,LAS POSITAS,37.7005872,-121.7334824,Las Positas Substation,1.0,exact
LE GRAND,LE GRAND,,,,0.78,none
LE GRAND CHOWCILLA,LE GRAND-CHOWCILLA,,,,0.78,none
LEGRAND DAIRYLAND,LEGRAND - DAIRYLAND,,,,0.78,none
LEMOORE HENRIETTA,LEMOORE-HENRIETTA,36.2421264,-119.9028971,Henrietta Substation,0.7,line-one-end
LEPRINO FOOD,LEPRINO FOOD (LEMOORE),,,,0.8,none
LAMBIE BIRDS LANDING,LAMBIE SW STATION-BIRDS LANDING,38.173097999999996,-121.8485247,Lambie Substation | Birds Landing Switching Station,1.0,line-midpoint
JACOB CORNER,JACOB CORNER SUBSTATION,,,,0.56,none
JACOBS CORNER,JACOBS CORNER SUBSTATION,,,,0.54,none
JAMACHA MIGUEL,JAMACHA - MIGUEL,32.711559449999996,-116.97059304999999,Jamacha Substation | Miguel Substation,1.0,line-midpoint
JAMESON,JAMESON SUBSTATION,38.2054582,-122.1479338,Jameson Substation,1.0,exact
JASPER,JASPER SUBSTATION,,,,0.67,none
JAYNE,JAYNE SUBSTATION,,,,0.55,none
JAYNE COALINGA,JAYNE SW STA-COALINGA #1,,,,0.71,none
JOINTLY OWNED MOHAVE,JOINTLY-OWNED MOHAVE SWITCHYARD,,,,0.67,none
JOLON,JOLON,,,,0.67,none
JULIAN HINDS,JULIAN HINDS SUBSTATION,33.7050285,-115.6266673,Julian Hinds Substation,1.0,exact
KASSON LAMMERS,KASSON-LAMMERS,37.729444799999996,-121.4095926,Kasson Substation | Lammers Substation,1.0,line-midpoint
KASSON LOUISE,KASSON-LOUISE,37.7770366,-121.31472865,Kasson Substation | Louise Substation,1.0,line-midpoint
KERN RIVER CUMMINGS,KERN RIVER-CUMMINGS,,,,0.67,none
KEARNEY,KEARNEY SUBSTATION,,,,0.92,none
KEARNY,KEARNY SUBSTATION,32.8330901,-117.134041,Kearny Substation,1.0,exact
KEARNY WEST,KEARNY WEST SUBSTATION,,,,0.71,none
KEIM 7 1 MILES NORTHEAST OF COLORADO RIVER,"KEIM SUBSTATION,",,,,0.55,none
KELSO,KELSO SUBSTATION,37.7974253,-121.6032072,Kelso Substation,1.0,exact
KENT,KENT SW STA,,,,0.73,none
KENT TULARE LAKE,KENT SW STA-TULARE LAKE,,,,0.73,none
KERMAN HELM,KERMAN-HELM,,,,0.67,none
KERMAN HELMS,KERMAN-HELMS,,,,0.67,none
KERMAN SAN JOAQUIN,KERMAN-SAN JOAQUIN,,,,0.67,none
KERN OIL,KERN OIL SUBSTATION,,,,0.59,none
KERN OLD RIVER,KERN - OLD RIVER #1,,,,0.8,none
KERN RIDGE,KERN RIDGE SUBSTATION,,,,0.67,none
KASSON MANTECA,KASSON-MANTECA,37.77336685,-121.2828283,Kasson Substation | Manteca Substation,1.0,line-midpoint
LOS BANOS WESTLY,LOS BANOS-WESTLY,37.0530047,-121.0205078,Los Banos Substation,0.7,line-one-end
LOS COCHES,LOS COCHES SUBSTATION,32.8597308,-116.8992272,Los Coches Substation,1.0,exact
LOVELAND ALPINE,LOVELAND - ALPINE,32.8123447,-116.79107450000001,Loveland Substation | Alpine Substation,1.0,line-midpoint
LUGO ELDORADO,LUGO-ELDORADO,35.08157855,-116.18893785,Lugo Substation | Eldorado Substation,1.0,line-midpoint
LUGO MOHAVE,LUGO-MOHAVE,34.756450099999995,-115.98327365,Lugo Substation | Mohave Substation,1.0,line-midpoint
LUGO MOJAVE,LUGO-MOJAVE,34.3658218,-117.3693963,Lugo Substation,0.7,line-one-end
LUGO PISGAH TRAN,LUGO-PISGAH NO. 2,34.5737521,-116.87704595,Lugo Substation | Pisgah Switchyard,1.0,line-midpoint
LUGO VINCENT,LUGO-VINCENT,34.42588295,-117.74453675000001,Lugo Substation | Vincent Substation,1.0,line-midpoint
MABURY,MABURY TAP,,,,0.67,none
MADISON,MADISON,,,,0.77,none
MAGUNDEN,MAGUNDEN,35.3611831,-118.9227967,Magunden Substation,1.0,exact
MAGUNDEN SPRINGVILLE,MAGUNDEN-SPRINGVILLE #1,35.7345777,-118.93047695000001,Magunden Substation | Springville Substation,1.0,line-midpoint
LERDO,LERDO,35.5002365,-119.1519574,Lerdo Sub,1.0,exact
MALAGA,MALAGA,,,,0.67,none
MANDALAY SANTA CLARA,MANDALAY-SANTA CLARA,34.2549738,-119.21616055,Mandalay Switchyard | Santa Clara Substation,1.0,line-midpoint
MANNING TRANQUILITY,MANNING - TRANQUILITY #1,36.57799,-120.40699,OSM relation 8376979 'Tranquillity Solar Project' plant centroid (Recurrent Ener,0.7,line-one-end
MARICOPA,MARICOPA SUBSTATION,,,,0.75,none
MARICOPA COPUS,MARICOPA-COPUS,,,,0.75,none
MARIPOSA ENERGY CENTER,MARIPOSA ENERGY CENTER,,,,0.53,none
MCCALL,MCCALL SUBSTATION,36.6108289,-119.6395996,McCall Substation,1.0,exact
MCCALL KINGSBURG LINES,MCCALL-KINGSBURG #1 & #2,36.6108289,-119.6395996,McCall Substation,0.7,line-one-end
MEAD ELDORADO,MEAD-ELDORADO,35.8623658,-114.92115154999999,Mead Substation | Eldorado Substation,1.0,line-midpoint
MELONES CURTIS,MELONES-CURTIS,37.9462693,-120.5276918,Melones Substation,0.7,line-one-end
MELROSE,MELROSE SUBSTATION,,,,0.71,none
MENDOTA BIOMASS,MENDOTA BIOMASS SUBSTATION,,,,0.55,none
MENDOTA DAIRYLAND,MENDOTA DAIRYLAND,,,,0.57,none
MAGUNDEN VESTAL,MAGUNDEN-VESTAL #1,35.60120695,-119.0037159,Magunden Substation | Vestal Substation,1.0,line-midpoint
LIEBERT,LIEBERT,,,,0.86,none
LIGHTHIPE BATTERIES INVERTERS STEP UP TRANSFORMER AND A GEN TIE,"LIGHTHIPE SUBSTATION  BATTERIES, INVERTERS, STEP UP TRANSFORMER AND A",,,,0.28,none
LILAC RINCON,LILAC RINCON,,,,0.67,none
LITTLE ROCK,LITTLE ROCK SUBSTATION,,,,0.67,none
LITTLE ROCK PIUTE,LITTLE ROCK-PIUTE,,,,0.73,none
LIVINGSTON,LIVINGSTON SUBSTATION,,,,0.74,none
LLAGAS,LLAGAS,37.0072605,-121.5573635,Llagas Substation,1.0,exact
LODI STIG,LODI STIG,,,,0.57,none
LOGAN CREEK DELEVAN,LOGAN CREEK - DELEVAN LINE TAP,39.4538584,-122.26624285,Logan Creek Substation | Delevan Substation,1.0,line-midpoint
LONE TREE CAYETANO AT THE JACKSON,LONE TREE-CAYETANO AT THE JACKSON SUBSTATION,37.9461825,-121.7597517,Lone Tree Substation,0.7,line-one-end
LONG BEACH,LONG BEACH SUBSTATION,,,,0.64,none
LONG BEACH GEN,LONG BEACH GEN STATION,,,,0.56,none
LOS BANOS WESTLEY,LOS BANOS-WESTLEY,37.284516100000005,-121.1256537,Los Banos Substation | Westley Substation,1.0,line-midpoint
LOOP GOLD HILL EIGHT MILE ROAD,LOOP GOLD HILL-EIGHT MILE ROAD,,,,0.8,none
LOOP LAKESVILLE SOBRANTE AND LAKESVILLE IGNACIO LINES,LOOP LAKESVILLE-SOBRANTE AND LAKESVILLE-IGNACIO,,,,0.75,none
LOOP LOVELAND LOS COCHES,LOOP LOVELAND - LOS COCHES,32.8597308,-116.8992272,Los Coches Substation,0.7,line-one-end
LOOP REDMAN LANCASTER,LOOP REDMAN-LANCASTER,,,,0.67,none
LOOP TALEGA ESCONDIDO,LOOP TALEGA-ESCONDIDO,33.1257327,-117.1167373,Escondido Substation,0.7,line-one-end
LOOP TESLA STAGG AND TESLA EIGHT MILE LINES,LOOP TESLA STAGG AND TESLA-EIGHT MILE,38.058747,-121.3768414,Eight Mile Substation,0.7,line-one-end
LOOP VACA DIXON PEABODY VACA DIXON LAMBIE LINES,LOOP VACA DIXON-PEABODY & VACA DIXON-LAMBIE,,,,0.8,none
LOS BANOS DOS AMIGOS,LOS BANOS-DOS AMIGOS,36.98911615,-120.92516610000001,Los Banos Substation | Dos Amigos Substation,1.0,line-midpoint
LOS BANOS LIVINGSTON CANAL,LOS BANOS-LIVINGSTON-CANAL,37.0530047,-121.0205078,Los Banos Substation,0.7,line-one-end
LOS BANOS NEAR PACHECO PASS,LOS BANOS,37.0530047,-121.0205078,Los Banos Substation,1.0,exact
LOS BANOS O NEIL PGP,LOS BANOS-O'NEIL PGP,37.0530047,-121.0205078,Los Banos Substation,0.7,line-one-end
LOS BANOS PACHECO VIA DINOSAUR POINT,LOS BANOS-PACHECO,37.0530047,-121.0205078,Los Banos Substation,0.7,line-one-end
LOS BANOS SAN LUIS PGP,LOS BANOS-SAN LUIS PGP #1,37.0530047,-121.0205078,Los Banos Substation,0.7,line-one-end
LOOP CENTER MESA AND CENTER OLINDA LINES,LOOP CENTER-MESA AND CENTER-OLINDA,,,,0.71,none
FORT BRAGG,FORT BRAGG SUBSTATION,,,,0.74,none
FOUR CORNERS,FOUR CORNERS SUB,,,,0.61,none
FRIARS,FRIARS SUBSTATION,32.7717391,-117.1644077,Friars Substation,1.0,exact
FULTON IGNACIO,FULTON-IGNACIO,38.2872713,-122.65046375,Fulton Substation | Ignacio Substation,1.0,line-midpoint
GATES COALINGA,GATES - COALINGA #1,36.1413374,-120.1256622,Gates Substation,0.7,line-one-end
GATES COALINGA AT JACALITO,GATES-COALINGA #1,36.1413374,-120.1256622,Gates Substation,0.7,line-one-end
GATES GREGG,GATES-GREGG,36.1413374,-120.1256622,Gates Substation,0.7,line-one-end
GATES GREGG AND GATES MCCALL,GATES-GREGG,36.1413374,-120.1256622,Gates Substation,0.7,line-one-end
GATES MCCALL,GATES-MCCALL,36.37608315,-119.8826309,Gates Substation | McCall Substation,1.0,line-midpoint
GEYERS 17 FULTON,GEYERS 17- FULTON #2,38.4977484,-122.7605687,Fulton Substation,0.7,line-one-end
GEYSERS 17 FULTON TRANSMISSION,GEYSERS 17-FULTON,38.4977484,-122.7605687,Fulton Substation,0.7,line-one-end
GEYSERS FULTON TRANSMISSION,GEYSERS-FULTON,38.4977484,-122.7605687,Fulton Substation,0.7,line-one-end
IVANPAH,IVANPAH SUBSTATION,35.5444422,-115.4687507,Ivanpah Substation,1.0,exact
GOLD HILL EIGHT MILE LINES,GOLD HILL-EIGHT MILE,38.3581642,-121.256827,Gold Hill Substation | Eight Mile Substation,1.0,line-midpoint
GOLD HILL EIGHT MILE ROAD,GOLD HILL-EIGHT MILE ROAD,38.6575814,-121.1368126,Gold Hill Substation,0.7,line-one-end
GOLDTOWN,GOLDTOWN SUBSTATION,,,,0.88,none
GOLDTOWN CORUM,GOLDTOWN-CORUM,,,,0.88,none
GOLDTOWN CORUM OR GOLDTOWN LANCASTER,GOLDTOWN-CORUM OR GOLDTOWN-LANCASTER,,,,0.88,none
GOLDTOWN LANCASTER,GOLDTOWN-LANCASTER,,,,0.88,none
GOLETA,GOLETA SUBSTATION,34.4686423,-119.8843266,Goleta Substation,1.0,exact
GORMAN KERN RIVER,GORMAN-KERN RIVER,34.7904804,-118.827152,Gorman Substation,0.7,line-one-end
GRANT EASTSHORE,GRANT - EASTSHORE #2,37.6481294,-122.1383307,Grant Substation | Eastshore Substation,1.0,line-midpoint
GREGG,GREGG SUBSTATION,,,,0.67,none
GUERNSEY,GUERNSEY SUBSTATION,,,,0.71,none
GUERNSEY HENRIETTA,GUERNSEY - HENRIETTA,36.2421264,-119.9028971,Henrietta Substation,0.7,line-one-end
GLENN,GLENN,39.7778665,-122.1426369,Glenn Substation,1.0,exact
EL CASCO,EL CASCO,,,,0.75,none
EL DORADO,EL DORADO,,,,0.94,none
EL DORADO IVANPAH,EL DORADO-IVANPAH,35.5444422,-115.4687507,Ivanpah Substation,0.7,line-one-end
EL SEGUNDO,EL SEGUNDO,,,,0.63,none
EL SEQUNDO,EL SEQUNDO,,,,0.63,none
ELDORADO 500,ELDORADO 500/,,,,0.8,none
ELDORADO BAKER COOL WATER DUNN SIDING MOUNTAIN PASS,ELDORADO-BAKER-COOL WATER-DUNN SIDING-MOUNTAIN PASS,35.538117,-115.54146245,Eldorado Substation | Baker Substation,1.0,line-midpoint
ELDORADO BAKER COOLWATER DUNN SIDING MOUNTAIN PASS,ELDORADO-BAKER- COOLWATER-DUNN SIDING-MOUNTAIN PASS,35.538117,-115.54146245,Eldorado Substation | Baker Substation,1.0,line-midpoint
ELDORADO IVANPAH,ELDORADO-IVANPAH,35.67088875,-115.23861504999999,Eldorado Substation | Ivanpah Substation,1.0,line-midpoint
ELDORADO NCP MERCHANT,ELDORADO SWITCHYARD,35.7973353,-115.0084794,Eldorado Substation,1.0,exact
ELDORADO PISGAH,ELDORADO-PISGAH #2,35.289508850000004,-115.69658749999999,Eldorado Substation | Pisgah Switchyard,1.0,line-midpoint
ELDORADO SUBSATION,ELDORADO SUBSATION,,,,0.62,none
FMC,FMC SUBSTATION,37.3472911,-121.921986,FMC Substation,1.0,exact
ELK GUALALA,ELK-GUALALA,39.1293206,-123.7117919,Elk Substation,0.7,line-one-end
ELK HILLS TAFT,ELK HILLS TAFT,,,,0.35,none
ELLIS,ELLIS SUBSTATION,33.6852045,-117.9431126,Ellis Substation,1.0,exact
ELLIS SANTIAGO,ELLIS-SANTIAGO LINE,33.675063800000004,-117.85583555,Ellis Substation | Santiago Substation,1.0,line-midpoint
ENCINA,ENCINA SUBSTATION,,,,0.67,none
EVERGREEN,EVERGREEN,37.3031783,-121.8408334,Evergreen Substation,1.0,exact
EXCELSIOR LOCATED ON THE PANOCHE SCHINDLER 2,EXCELSIOR SWITCHING STATION LOCATED ON THE PANOCHE-SCHINDLER NO.1 & 2,,,,0.63,none
EXCHEQUER LEGRAND,EXCHEQUER-LEGRAND,,,,0.71,none
EXISTING RADIAL GEN TIE TO TL6929,EXISTING RADIAL,,,,0.59,none
FAIRHAVEN,FAIRHAVEN SUBSTATION,,,,0.71,none
FAMOSO,FAMOSO SUBSTATION,,,,0.67,none
FIBREBOARD,FIBREBOARD TAP,,,,0.62,none
FIVE POINTS,FIVE POINTS SUBSTATION,,,,0.6,none
ELK CREEK,ELK CREEK,,,,0.5,none
HERDLYN BALFOUR,HERDLYN-BALFOUR,,,,0.71,none
HERDLYN TRACY,HERDLYN-TRACY LINE,37.7979179,-121.5807052,Tracy Substation,0.7,line-one-end
HERDLYN TRACY LONG 121 577185 LAT 37 800654,HERDLYN - TRACY,37.7979179,-121.5807052,Tracy Substation,0.7,line-one-end
HERNDON KEARNEY,HERNDON - KEARNEY,36.8446681,-119.922563,Herndon Substation,0.7,line-one-end
HIGH WINDS CONTRA COSTA,HIGH WINDS/CONTRA COSTA PP,,,,0.69,none
HIGHWIND,HIGHWIND SUBSTATION,,,,0.75,none
HIGHWIND WINDHUB,HIGHWIND-WINDHUB,35.0349893,-118.2808562,Windhub Substation,0.7,line-one-end
HILLSDALE HALF MOON BAY,HILLSDALE JUNCTION-HALF MOON BAY,37.497030249999995,-122.39329565,Hillsdale Junction | Half Moon Bay Substation,1.0,line-midpoint
HOLLISTER,HOLLISTER SUBSTATION,36.8627977,-121.4062132,Hollister Substation,1.0,exact
HONEY LAKE,HONEY LAKE SUBSTATION,40.3682671,-120.2648492,Honey Lake Substation,1.0,exact
HOODOO WASH HASSAYAMPA,HOODOO WASH - HASSAYAMPA,,,,0.63,none
HUMBOLDT,HUMBOLDT,41.2272733,-115.9399678,Humboldt,1.0,exact
GWF HANFORD,GWF HANFORD,,,,0.78,none
HUMBOLDT BAY HUMBOLDT,HUMBOLDT BAY-HUMBOLDT #1,41.2272733,-115.9399678,Humboldt,0.7,line-one-end
HUMBOLDT BRIDGEVILLE,HUMBOLDT-BRIDGEVILLE,41.2272733,-115.9399678,Humboldt,0.7,line-one-end
HUNTINGTON BEACH,HUNTINGTON BEACH SWITCHING STATION,,,,0.65,none
HURON,HURON SUBSTATION,,,,0.67,none
IGNACIO,IGNACIO,38.0767942,-122.5403588,Ignacio Substation,1.0,exact
IMPERIAL VALLEY 230 KV,IMPERIAL VALLEY 230-KV SUBSTATION,32.7179069,-115.7155553,Imperial Valley Substation,0.88,fuzzy
IMPERIAL VALLEY MIGUEL,IMPERIAL VALLEY - MIGUEL,32.6984666,-116.34969875,Imperial Valley Substation | Miguel Substation,1.0,line-midpoint
IMPERIAL VALLEY MIGUEL TRANS,,,,,0.0,none
INTERCONNECTION ON SITE,INTERCONNECTION ON SITE,,,,0.5,none
INYOKERN,INYOKERN SUBSTATION,35.6526475,-117.7958919,Inyokern Substation,1.0,exact
INYOKERN RANDSBURG,INYOKERN-RANDSBURG,35.6526475,-117.7958919,Inyokern Substation,0.7,line-one-end
INYOKERN SUBSTATION115 KV,INYOKERN SUBSTATION,35.6526475,-117.7958919,Inyokern Substation,1.0,exact
IRON MOUNTAIN,IRON MOUNTAIN SUBSTATION,36.3225741,-115.2082305,Iron Mountain Substation,1.0,exact
HUMBOLDT BAY,HUMBOLDT BAY POWER PLANT SUB,,,,0.8,none
HALF MOON BAY,HALF MOON BAY SUBSTATION,37.4689833,-122.4302864,Half Moon Bay Substation,1.0,exact
HALSEY,HALSEY SUBSTATION,,,,0.8,none
HAMMOND,HAMMOND SUB,,,,0.67,none
HANFORD,HANFORD SWITCHYARD,36.3235784,-119.6488609,Hanford Substation,1.0,exact
HARBOR COGENERATION FACILITY,HARBOR COGENERATION FACILITY,,,,0.35,none
HARBORGEN,HARBORGEN SUBSTATION,33.778822,-118.2273435,HarborGen Substation,1.0,exact
HARDWICK,HARDWICK,,,,0.75,none
HARQUAHALA,HARQUAHALA SUBSTATION,,,,0.59,none
HARRY ALLEN ELDORADO,HARRY ALLEN-ELDORADO,36.1123678,-114.95770565000001,Harry Allen Substation | Eldorado Substation,1.0,line-midpoint
HASSAYAMPA HOODOO WASH,HASSAYAMPA-HOODOO WASH,,,,0.63,none
HASSAYAMPA N GILA,HASSAYAMPA - N. GILA,,,,0.8,none
HASSAYAMPA NORTH GILA,HASSAYAMPA-NORTH GILA,32.7456924,-114.4912811,North Gila Substation,0.7,line-one-end
HENRIETTA TULARE,HENRIETTA TULARE,,,,0.72,none
HELM,HELM SUBSTATION,,,,0.67,none
HELM FIREBAUGH,HELM-FIREBAUGH,,,,0.67,none
HELM PANOCHE AND PANOCHE KEARNEY,HELM-PANOCHE,36.6523145,-120.5815969,Panoche Substation,0.7,line-one-end
HELM STROUD,HELM-STROUD SW STA,,,,0.67,none
HELM VALLEY NITROGEN,TAP HELM-VALLEY NITROGEN,36.549599,-120.1113287,Valley Nitrogen,0.7,line-one-end
HELMS SCHINDLER,HELMS-SCHINDLER,,,,0.62,none
HENREITTA GWF,HENREITTA-GWF,,,,0.89,none
HENRIETTA GUERNSEY,HENRIETTA-GUERNSEY,36.2421264,-119.9028971,Henrietta Substation,0.7,line-one-end
HENRIETTA GWF,HENRIETTA-GWF,36.2421264,-119.9028971,Henrietta Substation,0.7,line-one-end
HENRIETTA JACOBS CORNER,HENRIETTA-JACOBS CORNER,36.2421264,-119.9028971,Henrietta Substation,0.7,line-one-end
HENRIETTA LEMOORE,HENRIETTA - LEMOORE,36.2421264,-119.9028971,Henrietta Substation,0.7,line-one-end
HENRIETTA LEPRINO FOOD,HENRIETTA-LEPRINO FOOD,36.2421264,-119.9028971,Henrietta Substation,0.7,line-one-end
HENRIETTA SUBSTANTION,HENRIETTA SUBSTANTION,,,,0.6,none
HELIJET LITTLE ROCK PALMDALE ROCKAIR,HELIJET-LITTLE ROCK-PALMDALE-ROCKAIR,,,,0.67,none
