cohort,month,at_risk,events,survival,survival_mw_weighted
C10,0,89,0,1.0,1.0
C10,1,89,3,0.9662921348314607,0.980605339875465
C10,2,86,15,0.7977528089887641,0.8728758233111428
C10,3,71,1,0.7865168539325843,0.8705171823863203
C10,4,70,0,0.7865168539325843,0.8705171823863203
C10,5,70,0,0.7865168539325843,0.8705171823863203
C10,6,70,0,0.7865168539325843,0.8705171823863203
C10,7,70,0,0.7865168539325843,0.8705171823863203
C10,8,70,0,0.7865168539325843,0.8705171823863203
C10,9,70,2,0.7640449438202247,0.861635491627419
C10,10,68,15,0.5955056179775281,0.7299282316242945
C10,11,53,4,0.550561797752809,0.6851641047884727
C10,12,49,9,0.44943820224719105,0.6018995130125969
C10,13,40,0,0.44943820224719105,0.6018995130125969
C10,14,40,0,0.44943820224719105,0.6018995130125969
C10,15,40,0,0.44943820224719105,0.6018995130125969
C10,16,40,0,0.44943820224719105,0.6018995130125969
C10,17,40,0,0.44943820224719105,0.6018995130125969
C10,18,40,0,0.44943820224719105,0.6018995130125969
C10,19,40,0,0.44943820224719105,0.6018995130125969
C10,20,40,0,0.44943820224719105,0.6018995130125969
C10,21,40,0,0.44943820224719105,0.6018995130125969
C10,22,40,0,0.44943820224719105,0.6018995130125969
C10,23,40,0,0.44943820224719105,0.6018995130125969
C10,24,40,0,0.44943820224719105,0.6018995130125969
C10,25,40,0,0.44943820224719105,0.6018995130125969
C10,26,40,1,0.43820224719101125,0.5995596411137014
C10,27,39,0,0.43820224719101125,0.5995596411137014
C10,28,39,0,0.43820224719101125,0.5995596411137014
C10,29,39,0,0.43820224719101125,0.5995596411137014
C10,30,39,2,0.4157303370786517,0.5729701877171615
C10,31,36,1,0.40418227215980024,0.5679442601893061
C10,32,35,1,0.3926342072409488,0.5585206460745772
C10,33,34,0,0.3926342072409488,0.5585206460745772
C10,34,34,0,0.3926342072409488,0.5585206460745772
C10,35,34,2,0.3695380774032459,0.544931794521138
C10,36,32,3,0.3348938826466916,0.4937301578311109
C10,37,29,2,0.31179775280898875,0.4387590754951921
C10,38,27,0,0.31179775280898875,0.4387590754951921
C10,39,27,0,0.31179775280898875,0.4387590754951921
C10,40,27,0,0.31179775280898875,0.4387590754951921
C10,41,27,0,0.31179775280898875,0.4387590754951921
C10,42,27,0,0.31179775280898875,0.4387590754951921
C10,43,27,0,0.31179775280898875,0.4387590754951921
C10,44,27,0,0.31179775280898875,0.4387590754951921
C10,45,27,0,0.31179775280898875,0.4387590754951921
C10,46,27,0,0.31179775280898875,0.4387590754951921
C10,47,27,2,0.2887016229712859,0.43750259361322824
C10,48,25,0,0.2887016229712859,0.43750259361322824
C10,49,25,1,0.2771535580524344,0.42807897949849927
C10,50,24,0,0.2771535580524344,0.42807897949849927
C10,51,23,0,0.2771535580524344,0.42807897949849927
C10,52,23,0,0.2771535580524344,0.42807897949849927
C10,53,23,0,0.2771535580524344,0.42807897949849927
C10,54,23,0,0.2771535580524344,0.42807897949849927
C10,55,23,0,0.2771535580524344,0.42807897949849927
C10,56,22,0,0.2771535580524344,0.42807897949849927
C10,57,22,0,0.2771535580524344,0.42807897949849927
C10,58,22,0,0.2771535580524344,0.42807897949849927
C10,59,22,0,0.2771535580524344,0.42807897949849927
C10,60,21,0,0.2771535580524344,0.42807897949849927
C10,61,21,0,0.2771535580524344,0.42807897949849927
C10,62,21,0,0.2771535580524344,0.42807897949849927
C10,63,21,0,0.2771535580524344,0.42807897949849927
C10,64,21,0,0.2771535580524344,0.42807897949849927
C10,65,21,0,0.2771535580524344,0.42807897949849927
C10,66,21,0,0.2771535580524344,0.42807897949849927
C10,67,21,0,0.2771535580524344,0.42807897949849927
C10,68,21,0,0.2771535580524344,0.42807897949849927
C10,69,21,0,0.2771535580524344,0.42807897949849927
C10,70,21,0,0.2771535580524344,0.42807897949849927
C10,71,21,0,0.2771535580524344,0.42807897949849927
C10,72,21,0,0.2771535580524344,0.42807897949849927
C10,73,21,0,0.2771535580524344,0.42807897949849927
C10,74,21,0,0.2771535580524344,0.42807897949849927
C10,75,21,0,0.2771535580524344,0.42807897949849927
C10,76,21,0,0.2771535580524344,0.42807897949849927
C10,77,21,0,0.2771535580524344,0.42807897949849927
C10,78,21,0,0.2771535580524344,0.42807897949849927
C10,79,20,0,0.2771535580524344,0.42807897949849927
C10,80,20,0,0.2771535580524344,0.42807897949849927
C10,81,20,0,0.2771535580524344,0.42807897949849927
C10,82,20,0,0.2771535580524344,0.42807897949849927
C10,83,20,0,0.2771535580524344,0.42807897949849927
C10,84,20,0,0.2771535580524344,0.42807897949849927
C10,85,20,0,0.2771535580524344,0.42807897949849927
C10,86,20,0,0.2771535580524344,0.42807897949849927
C10,87,19,0,0.2771535580524344,0.42807897949849927
C10,88,18,0,0.2771535580524344,0.42807897949849927
C10,89,18,0,0.2771535580524344,0.42807897949849927
C10,90,18,0,0.2771535580524344,0.42807897949849927
C10,91,17,0,0.2771535580524344,0.42807897949849927
C10,92,17,0,0.2771535580524344,0.42807897949849927
C10,93,17,0,0.2771535580524344,0.42807897949849927
C10,94,17,0,0.2771535580524344,0.42807897949849927
C10,95,17,0,0.2771535580524344,0.42807897949849927
C10,96,17,0,0.2771535580524344,0.42807897949849927
C10,97,17,0,0.2771535580524344,0.42807897949849927
C10,98,17,0,0.2771535580524344,0.42807897949849927
C10,99,17,0,0.2771535580524344,0.42807897949849927
C10,100,17,0,0.2771535580524344,0.42807897949849927
C10,101,17,0,0.2771535580524344,0.42807897949849927
C10,102,17,0,0.2771535580524344,0.42807897949849927
C10,103,17,0,0.2771535580524344,0.42807897949849927
C10,104,17,0,0.2771535580524344,0.42807897949849927
C10,105,17,0,0.2771535580524344,0.42807897949849927
C10,106,17,0,0.2771535580524344,0.42807897949849927
C10,107,17,0,0.2771535580524344,0.42807897949849927
C10,108,17,0,0.2771535580524344,0.42807897949849927
C10,109,17,0,0.2771535580524344,0.42807897949849927
C10,110,17,1,0.2608504075787618,0.39833283617713516
C10,111,16,1,0.2445472571050892,0.38345976451645314
C10,112,15,0,0.2445472571050892,0.38345976451645314
C10,113,0,0,,
C10,114,0,0,,
C10,115,0,0,,
C10,116,0,0,,
C10,117,0,0,,
C10,118,0,0,,
C10,119,0,0,,
C10,120,0,0,,
C11,0,94,0,1.0,1.0
C11,1,94,0,1.0,1.0
C11,2,94,0,1.0,1.0
C11,3,94,1,0.9893617021276596,0.9911172298766233
C11,4,93,1,0.9787234042553192,0.9464801940807603
C11,5,92,0,0.9787234042553192,0.9464801940807603
C11,6,92,0,0.9787234042553192,0.9464801940807603
C11,7,92,0,0.9787234042553192,0.9464801940807603
C11,8,92,0,0.9787234042553192,0.9464801940807603
C11,9,92,1,0.9680851063829787,0.9420164905011741
C11,10,91,12,0.8404255319148937,0.8624596784170285
C11,11,79,27,0.5531914893617021,0.5635656230243508
C11,12,52,16,0.3829787234042553,0.3234444250804023
C11,13,36,1,0.3723404255319149,0.31451701792122966
C11,14,35,0,0.3723404255319149,0.31451701792122966
C11,15,35,0,0.3723404255319149,0.31451701792122966
C11,16,35,0,0.3723404255319149,0.31451701792122966
C11,17,35,0,0.3723404255319149,0.31451701792122966
C11,18,35,0,0.3723404255319149,0.31451701792122966
C11,19,35,0,0.3723404255319149,0.31451701792122966
C11,20,35,0,0.3723404255319149,0.31451701792122966
C11,21,35,0,0.3723404255319149,0.31451701792122966
C11,22,35,0,0.3723404255319149,0.31451701792122966
C11,23,35,0,0.3723404255319149,0.31451701792122966
C11,24,35,0,0.3723404255319149,0.31451701792122966
C11,25,35,1,0.36170212765957444,0.2877347964437119
C11,26,34,0,0.36170212765957444,0.2877347964437119
C11,27,34,0,0.36170212765957444,0.2877347964437119
C11,28,34,0,0.36170212765957444,0.2877347964437119
C11,29,34,0,0.36170212765957444,0.2877347964437119
C11,30,34,0,0.36170212765957444,0.2877347964437119
C11,31,34,0,0.36170212765957444,0.2877347964437119
C11,32,34,0,0.36170212765957444,0.2877347964437119
C11,33,34,0,0.36170212765957444,0.2877347964437119
C11,34,34,0,0.36170212765957444,0.2877347964437119
C11,35,34,0,0.36170212765957444,0.2877347964437119
C11,36,34,1,0.351063829787234,0.2810392410743325
C11,37,33,0,0.351063829787234,0.2810392410743325
C11,38,33,0,0.351063829787234,0.2810392410743325
C11,39,33,0,0.351063829787234,0.2810392410743325
C11,40,32,0,0.351063829787234,0.2810392410743325
C11,41,32,0,0.351063829787234,0.2810392410743325
C11,42,32,0,0.351063829787234,0.2810392410743325
C11,43,32,0,0.351063829787234,0.2810392410743325
C11,44,32,0,0.351063829787234,0.2810392410743325
C11,45,32,0,0.351063829787234,0.2810392410743325
C11,46,32,0,0.351063829787234,0.2810392410743325
C11,47,32,1,0.3400930851063829,0.2738894494898699
C11,48,31,0,0.3400930851063829,0.2738894494898699
C11,49,31,0,0.3400930851063829,0.2738894494898699
C11,50,31,0,0.3400930851063829,0.2738894494898699
C11,51,31,0,0.3400930851063829,0.2738894494898699
C11,52,31,0,0.3400930851063829,0.2738894494898699
C11,53,31,1,0.32912234042553185,0.2729361439452749
C11,54,30,0,0.32912234042553185,0.2729361439452749
C11,55,30,0,0.32912234042553185,0.2729361439452749
C11,56,30,0,0.32912234042553185,0.2729361439452749
C11,57,30,0,0.32912234042553185,0.2729361439452749
C11,58,30,0,0.32912234042553185,0.2729361439452749
C11,59,30,0,0.32912234042553185,0.2729361439452749
C11,60,30,0,0.32912234042553185,0.2729361439452749
C11,61,30,0,0.32912234042553185,0.2729361439452749
C11,62,30,0,0.32912234042553185,0.2729361439452749
C11,63,30,0,0.32912234042553185,0.2729361439452749
C11,64,30,0,0.32912234042553185,0.2729361439452749
C11,65,30,0,0.32912234042553185,0.2729361439452749
C11,66,30,0,0.32912234042553185,0.2729361439452749
C11,67,30,0,0.32912234042553185,0.2729361439452749
C11,68,30,0,0.32912234042553185,0.2729361439452749
C11,69,30,0,0.32912234042553185,0.2729361439452749
C11,70,30,0,0.32912234042553185,0.2729361439452749
C11,71,30,0,0.32912234042553185,0.2729361439452749
C11,72,30,0,0.32912234042553185,0.2729361439452749
C11,73,30,0,0.32912234042553185,0.2729361439452749
C11,74,30,0,0.32912234042553185,0.2729361439452749
C11,75,30,0,0.32912234042553185,0.2729361439452749
C11,76,30,0,0.32912234042553185,0.2729361439452749
C11,77,30,0,0.32912234042553185,0.2729361439452749
C11,78,29,0,0.32912234042553185,0.2729361439452749
C11,79,29,0,0.32912234042553185,0.2729361439452749
C11,80,29,0,0.32912234042553185,0.2729361439452749
C11,81,28,0,0.32912234042553185,0.2729361439452749
C11,82,28,0,0.32912234042553185,0.2729361439452749
C11,83,27,0,0.32912234042553185,0.2729361439452749
C11,84,27,0,0.32912234042553185,0.2729361439452749
C11,85,27,0,0.32912234042553185,0.2729361439452749
C11,86,27,1,0.3169326241134751,0.26866594246159825
C11,87,26,0,0.3169326241134751,0.26866594246159825
C11,88,25,1,0.3042553191489361,0.2595948908158513
C11,89,24,0,0.3042553191489361,0.2595948908158513
C11,90,24,0,0.3042553191489361,0.2595948908158513
C11,91,24,0,0.3042553191489361,0.2595948908158513
C11,92,23,0,0.3042553191489361,0.2595948908158513
C11,93,23,0,0.3042553191489361,0.2595948908158513
C11,94,23,0,0.3042553191489361,0.2595948908158513
C11,95,23,0,0.3042553191489361,0.2595948908158513
C11,96,23,0,0.3042553191489361,0.2595948908158513
C11,97,23,1,0.29102682701202587,0.22842654833964207
C11,98,21,0,0.29102682701202587,0.22842654833964207
C11,99,21,0,0.29102682701202587,0.22842654833964207
C11,100,20,0,0.29102682701202587,0.22842654833964207
C11,101,20,0,0.29102682701202587,0.22842654833964207
C11,102,0,0,,
C11,103,0,0,,
C11,104,0,0,,
C11,105,0,0,,
C11,106,0,0,,
C11,107,0,0,,
C11,108,0,0,,
C11,109,0,0,,
C11,110,0,0,,
C11,111,0,0,,
C11,112,0,0,,
C11,113,0,0,,
C11,114,0,0,,
C11,115,0,0,,
C11,116,0,0,,
C11,117,0,0,,
C11,118,0,0,,
C11,119,0,0,,
C11,120,0,0,,
C12,0,136,0,1.0,1.0
C12,1,136,0,1.0,1.0
C12,2,136,0,1.0,1.0
C12,3,136,34,0.75,0.8054549556502844
C12,4,102,0,0.75,0.8054549556502844
C12,5,102,0,0.75,0.8054549556502844
C12,6,102,0,0.75,0.8054549556502844
C12,7,102,1,0.7426470588235294,0.8034363608297612
C12,8,101,0,0.7426470588235294,0.8034363608297612
C12,9,101,0,0.7426470588235294,0.8034363608297612
C12,10,101,16,0.625,0.6336369141622238
C12,11,85,16,0.5073529411764706,0.5293586805514325
C12,12,69,17,0.38235294117647056,0.380528871842977
C12,13,52,0,0.38235294117647056,0.380528871842977
C12,14,52,0,0.38235294117647056,0.380528871842977
C12,15,52,0,0.38235294117647056,0.380528871842977
C12,16,52,0,0.38235294117647056,0.380528871842977
C12,17,52,0,0.38235294117647056,0.380528871842977
C12,18,52,0,0.38235294117647056,0.380528871842977
C12,19,52,0,0.38235294117647056,0.380528871842977
C12,20,52,0,0.38235294117647056,0.380528871842977
C12,21,52,0,0.38235294117647056,0.380528871842977
C12,22,52,1,0.37499999999999994,0.3798164266122041
C12,23,51,0,0.37499999999999994,0.3798164266122041
C12,24,51,0,0.37499999999999994,0.3798164266122041
C12,25,51,2,0.36029411764705876,0.36794233943265603
C12,26,49,0,0.36029411764705876,0.36794233943265603
C12,27,49,0,0.36029411764705876,0.36794233943265603
C12,28,49,0,0.36029411764705876,0.36794233943265603
C12,29,49,0,0.36029411764705876,0.36794233943265603
C12,30,49,0,0.36029411764705876,0.36794233943265603
C12,31,49,1,0.35294117647058815,0.3631927045608368
C12,32,48,0,0.35294117647058815,0.3631927045608368
C12,33,47,0,0.35294117647058815,0.3631927045608368
C12,34,47,0,0.35294117647058815,0.3631927045608368
C12,35,47,0,0.35294117647058815,0.3631927045608368
C12,36,47,1,0.34543178973717137,0.35843685024374067
C12,37,46,0,0.34543178973717137,0.35843685024374067
C12,38,46,1,0.3379224030037546,0.35249203234737053
C12,39,45,0,0.3379224030037546,0.35249203234737053
C12,40,45,0,0.3379224030037546,0.35249203234737053
C12,41,45,0,0.3379224030037546,0.35249203234737053
C12,42,45,0,0.3379224030037546,0.35249203234737053
C12,43,45,0,0.3379224030037546,0.35249203234737053
C12,44,45,0,0.3379224030037546,0.35249203234737053
C12,45,45,0,0.3379224030037546,0.35249203234737053
C12,46,45,0,0.3379224030037546,0.35249203234737053
C12,47,45,0,0.3379224030037546,0.35249203234737053
C12,48,45,0,0.3379224030037546,0.35249203234737053
C12,49,45,0,0.3379224030037546,0.35249203234737053
C12,50,45,0,0.3379224030037546,0.35249203234737053
C12,51,45,0,0.3379224030037546,0.35249203234737053
C12,52,45,0,0.3379224030037546,0.35249203234737053
C12,53,45,1,0.3304130162703378,0.35118417241016914
C12,54,44,0,0.3304130162703378,0.35118417241016914
C12,55,44,0,0.3304130162703378,0.35118417241016914
C12,56,44,0,0.3304130162703378,0.35118417241016914
C12,57,44,0,0.3304130162703378,0.35118417241016914
C12,58,44,0,0.3304130162703378,0.35118417241016914
C12,59,44,1,0.32290362953692103,0.344050390934525
C12,60,43,0,0.32290362953692103,0.344050390934525
C12,61,43,0,0.32290362953692103,0.344050390934525
C12,62,43,0,0.32290362953692103,0.344050390934525
C12,63,43,0,0.32290362953692103,0.344050390934525
C12,64,43,1,0.31539424280350425,0.34309922007110577
C12,65,42,0,0.31539424280350425,0.34309922007110577
C12,66,41,0,0.31539424280350425,0.34309922007110577
C12,67,41,0,0.31539424280350425,0.34309922007110577
C12,68,41,0,0.31539424280350425,0.34309922007110577
C12,69,41,0,0.31539424280350425,0.34309922007110577
C12,70,41,0,0.31539424280350425,0.34309922007110577
C12,71,41,1,0.3077017002961017,0.33950743565468633
C12,72,40,1,0.3000091577886992,0.3389088049186164
C12,73,38,0,0.3000091577886992,0.3389088049186164
C12,74,38,0,0.3000091577886992,0.3389088049186164
C12,75,38,0,0.3000091577886992,0.3389088049186164
C12,76,37,0,0.3000091577886992,0.3389088049186164
C12,77,37,1,0.2919008021727884,0.32614243565208473
C12,78,35,0,0.2919008021727884,0.32614243565208473
C12,79,35,0,0.2919008021727884,0.32614243565208473
C12,80,35,0,0.2919008021727884,0.32614243565208473
C12,81,35,0,0.2919008021727884,0.32614243565208473
C12,82,35,0,0.2919008021727884,0.32614243565208473
C12,83,35,0,0.2919008021727884,0.32614243565208473
C12,84,34,0,0.2919008021727884,0.32614243565208473
C12,85,34,1,0.28331548446182403,0.3209752088821385
C12,86,32,0,0.28331548446182403,0.3209752088821385
C12,87,32,0,0.28331548446182403,0.3209752088821385
C12,88,32,1,0.27446187557239204,0.3115605288644117
C12,89,31,0,0.27446187557239204,0.3115605288644117
C12,90,0,0,,
C12,91,0,0,,
C12,92,0,0,,
C12,93,0,0,,
C12,94,0,0,,
C12,95,0,0,,
C12,96,0,0,,
C12,97,0,0,,
C12,98,0,0,,
C12,99,0,0,,
C12,100,0,0,,
C12,101,0,0,,
C12,102,0,0,,
C12,103,0,0,,
C12,104,0,0,,
C12,105,0,0,,
C12,106,0,0,,
C12,107,0,0,,
C12,108,0,0,,
C12,109,0,0,,
C12,110,0,0,,
C12,111,0,0,,
C12,112,0,0,,
C12,113,0,0,,
C12,114,0,0,,
C12,115,0,0,,
C12,116,0,0,,
C12,117,0,0,,
C12,118,0,0,,
C12,119,0,0,,
C12,120,0,0,,
C13,0,147,0,1.0,1.0
C13,1,147,0,1.0,1.0
C13,2,147,7,0.9523809523809523,0.9755539177463746
C13,3,140,22,0.8027210884353742,0.8845629363782342
C13,4,118,0,0.8027210884353742,0.8845629363782342
C13,5,118,1,0.7959183673469388,0.8726947539073023
C13,6,117,0,0.7959183673469388,0.8726947539073023
C13,7,117,0,0.7959183673469388,0.8726947539073023
C13,8,117,1,0.7891156462585034,0.8703211174131159
C13,9,116,0,0.7891156462585034,0.8703211174131159
C13,10,116,0,0.7891156462585034,0.8703211174131159
C13,11,116,23,0.6326530612244898,0.6904595241570919
C13,12,93,18,0.5102040816326531,0.5050770897792398
C13,13,75,11,0.43537414965986393,0.404553584250447
C13,14,64,0,0.43537414965986393,0.404553584250447
C13,15,64,0,0.43537414965986393,0.404553584250447
C13,16,64,0,0.43537414965986393,0.404553584250447
C13,17,64,0,0.43537414965986393,0.404553584250447
C13,18,64,0,0.43537414965986393,0.404553584250447
C13,19,64,0,0.43537414965986393,0.404553584250447
C13,20,64,0,0.43537414965986393,0.404553584250447
C13,21,64,0,0.43537414965986393,0.404553584250447
C13,22,64,0,0.43537414965986393,0.404553584250447
C13,23,64,0,0.43537414965986393,0.404553584250447
C13,24,64,0,0.43537414965986393,0.404553584250447
C13,25,64,0,0.43537414965986393,0.404553584250447
C13,26,64,0,0.43537414965986393,0.404553584250447
C13,27,64,0,0.43537414965986393,0.404553584250447
C13,28,64,0,0.43537414965986393,0.404553584250447
C13,29,64,0,0.43537414965986393,0.404553584250447
C13,30,64,0,0.43537414965986393,0.404553584250447
C13,31,64,0,0.43537414965986393,0.404553584250447
C13,32,64,0,0.43537414965986393,0.404553584250447
C13,33,64,0,0.43537414965986393,0.404553584250447
C13,34,64,0,0.43537414965986393,0.404553584250447
C13,35,64,0,0.43537414965986393,0.404553584250447
C13,36,64,1,0.42857142857142855,0.40217994775626065
C13,37,63,2,0.4149659863945578,0.39695794746905066
C13,38,61,0,0.4149659863945578,0.39695794746905066
C13,39,61,0,0.4149659863945578,0.39695794746905066
C13,40,61,0,0.4149659863945578,0.39695794746905066
C13,41,61,0,0.4149659863945578,0.39695794746905066
C13,42,61,0,0.4149659863945578,0.39695794746905066
C13,43,61,1,0.4081632653061224,0.3850897649981188
C13,44,60,1,0.401360544217687,0.3518588540795096
C13,45,59,1,0.39455782312925164,0.3494591075838872
C13,46,58,1,0.38775510204081626,0.3399645616071417
C13,47,57,1,0.3809523809523809,0.33759092511295535
C13,48,56,2,0.3673469387755101,0.32536693453154497
C13,49,54,0,0.3673469387755101,0.32536693453154497
C13,50,54,2,0.3537414965986394,0.3122834501755897
C13,51,52,0,0.3537414965986394,0.3122834501755897
C13,52,52,0,0.3537414965986394,0.3122834501755897
C13,53,52,0,0.3537414965986394,0.3122834501755897
C13,54,52,0,0.3537414965986394,0.3122834501755897
C13,55,52,1,0.346938775510204,0.30990981368140336
C13,56,51,0,0.346938775510204,0.30990981368140336
C13,57,51,0,0.346938775510204,0.30990981368140336
C13,58,51,1,0.34013605442176864,0.2980416312104715
C13,59,50,0,0.34013605442176864,0.2980416312104715
C13,60,50,1,0.33333333333333326,0.2942438128197733
C13,61,49,1,0.3265306122448979,0.28949653983140056
C13,62,48,1,0.3197278911564625,0.2823839380765711
C13,63,47,0,0.3197278911564625,0.2823839380765711
C13,64,47,0,0.3197278911564625,0.2823839380765711
C13,65,47,1,0.3129251700680271,0.2800103015823847
C13,66,46,0,0.3129251700680271,0.2800103015823847
C13,67,46,2,0.2993197278911564,0.27051575560563923
C13,68,44,0,0.2993197278911564,0.27051575560563923
C13,69,44,1,0.292517006802721,0.26102120962889375
C13,70,43,1,0.28571428571428564,0.2557992093416837
C13,71,42,0,0.28571428571428564,0.2557992093416837
C13,72,42,0,0.28571428571428564,0.2557992093416837
C13,73,41,1,0.27874564459930307,0.254598463499987
C13,74,39,0,0.27874564459930307,0.254598463499987
C13,75,39,2,0.26445099615831313,0.24659807756602253
C13,76,37,0,0.26445099615831313,0.24659807756602253
C13,77,37,0,0.26445099615831313,0.24659807756602253
C13,78,0,0,,
C13,79,0,0,,
C13,80,0,0,,
C13,81,0,0,,
C13,82,0,0,,
C13,83,0,0,,
C13,84,0,0,,
C13,85,0,0,,
C13,86,0,0,,
C13,87,0,0,,
C13,88,0,0,,
C13,89,0,0,,
C13,90,0,0,,
C13,91,0,0,,
C13,92,0,0,,
C13,93,0,0,,
C13,94,0,0,,
C13,95,0,0,,
C13,96,0,0,,
C13,97,0,0,,
C13,98,0,0,,
C13,99,0,0,,
C13,100,0,0,,
C13,101,0,0,,
C13,102,0,0,,
C13,103,0,0,,
C13,104,0,0,,
C13,105,0,0,,
C13,106,0,0,,
C13,107,0,0,,
C13,108,0,0,,
C13,109,0,0,,
C13,110,0,0,,
C13,111,0,0,,
C13,112,0,0,,
C13,113,0,0,,
C13,114,0,0,,
C13,115,0,0,,
C13,116,0,0,,
C13,117,0,0,,
C13,118,0,0,,
C13,119,0,0,,
C13,120,0,0,,
C14,0,359,0,1.0,1.0
C14,1,359,0,1.0,1.0
C14,2,359,0,1.0,1.0
C14,3,359,0,1.0,1.0
C14,4,359,8,0.9777158774373259,0.9805125242122887
C14,5,351,11,0.947075208913649,0.9569710489706506
C14,6,340,1,0.9442896935933148,0.9538890834304562
C14,7,339,0,0.9442896935933148,0.9538890834304562
C14,8,339,0,0.9442896935933148,0.9538890834304562
C14,9,339,0,0.9442896935933148,0.9538890834304562
C14,10,339,0,0.9442896935933148,0.9538890834304562
C14,11,339,0,0.9442896935933148,0.9538890834304562
C14,12,339,0,0.9442896935933148,0.9538890834304562
C14,13,339,0,0.9442896935933148,0.9538890834304562
C14,14,339,0,0.9442896935933148,0.9538890834304562
C14,15,339,0,0.9442896935933148,0.9538890834304562
C14,16,339,1,0.9415041782729805,0.9476303226411384
C14,17,338,0,0.9415041782729805,0.9476303226411384
C14,18,338,0,0.9415041782729805,0.9476303226411384
C14,19,338,46,0.8133704735376044,0.8455983997350062
C14,20,292,53,0.6657381615598885,0.7384313456742799
C14,21,239,30,0.5821727019498607,0.6371314057049944
C14,22,209,3,0.5738161559888579,0.6224328008209906
C14,23,206,0,0.5738161559888579,0.6224328008209906
C14,24,206,0,0.5738161559888579,0.6224328008209906
C14,25,206,0,0.5738161559888579,0.6224328008209906
C14,26,206,0,0.5738161559888579,0.6224328008209906
C14,27,206,0,0.5738161559888579,0.6224328008209906
C14,28,206,1,0.5710306406685237,0.6218638225674162
C14,29,205,0,0.5710306406685237,0.6218638225674162
C14,30,205,0,0.5710306406685237,0.6218638225674162
C14,31,205,0,0.5710306406685237,0.6218638225674162
C14,32,205,0,0.5710306406685237,0.6218638225674162
C14,33,205,0,0.5710306406685237,0.6218638225674162
C14,34,205,0,0.5710306406685237,0.6218638225674162
C14,35,205,3,0.5626740947075209,0.6156998914870275
C14,36,202,2,0.5571030640668524,0.6151868627617213
C14,37,200,2,0.5515320334261838,0.6116307486768817
C14,38,198,3,0.5431754874651811,0.5874491728999724
C14,39,195,10,0.5153203342618384,0.5695025556554397
C14,40,185,1,0.5125348189415042,0.5676059614768586
C14,41,184,0,0.5125348189415042,0.5676059614768586
C14,42,184,0,0.5125348189415042,0.5676059614768586
C14,43,184,3,0.5041782729805014,0.5594879807938429
C14,44,181,6,0.48746518105849584,0.542458461664363
C14,45,175,0,0.48746518105849584,0.542458461664363
C14,46,175,0,0.48746518105849584,0.542458461664363
C14,47,175,1,0.4846796657381616,0.5413679200116788
C14,48,174,1,0.48189415041782735,0.5399454743777429
C14,49,173,1,0.4791086350974931,0.5290555150934568
C14,50,172,0,0.4791086350974931,0.5290555150934568
C14,51,172,1,0.4763231197771588,0.5281072180041663
C14,52,171,13,0.44011142061281344,0.46836450137886104
C14,53,158,7,0.4206128133704736,0.45702286819094595
C14,54,151,4,0.4094707520891366,0.44265616728819396
C14,55,147,6,0.392757660167131,0.42653511677025446
C14,56,141,0,0.392757660167131,0.42653511677025446
C14,57,141,1,0.3899721448467967,0.42463852259167334
C14,58,140,3,0.3816155988857939,0.42274951478980655
C14,59,137,2,0.3760445682451254,0.4199994532308639
C14,60,135,9,0.350974930362117,0.3951066546369867
C14,61,126,9,0.32590529247910865,0.3731061621654457
C14,62,117,6,0.30919220055710306,0.35921360980733896
C14,63,111,4,0.298050139275766,0.33598033111972025
C14,64,107,1,0.29526462395543174,0.33360958839649385
C14,65,106,0,0.29526462395543174,0.33360958839649385
C14,66,1,0,,
C14,67,1,0,,
C14,68,1,0,,
C14,69,1,0,,
C14,70,1,0,,
C14,71,1,0,,
C14,72,1,0,,
C14,73,1,0,,
C14,74,1,0,,
C14,75,1,0,,
C14,76,1,0,,
C14,77,1,0,,
C14,78,1,0,,
C14,79,1,0,,
C14,80,1,0,,
C14,81,1,0,,
C14,82,1,0,,
C14,83,1,0,,
C14,84,1,0,,
C14,85,1,0,,
C14,86,1,0,,
C14,87,1,0,,
C14,88,1,0,,
C14,89,1,0,,
C14,90,1,0,,
C14,91,1,0,,
C14,92,1,0,,
C14,93,1,0,,
C14,94,1,0,,
C14,95,1,0,,
C14,96,1,0,,
C14,97,1,0,,
C14,98,1,0,,
C14,99,1,0,,
C14,100,1,0,,
C14,101,1,0,,
C14,102,1,0,,
C14,103,1,0,,
C14,104,1,0,,
C14,105,1,0,,
C14,106,1,0,,
C14,107,1,0,,
C14,108,1,0,,
C14,109,1,0,,
C14,110,1,0,,
C14,111,1,0,,
C14,112,1,0,,
C14,113,1,0,,
C14,114,1,0,,
C14,115,1,0,,
C14,116,1,0,,
C14,117,1,0,,
C14,118,1,0,,
C14,119,1,0,,
C14,120,1,0,,
C15,0,170,0,1.0,1.0
C15,1,170,0,1.0,1.0
C15,2,170,11,0.9352941176470588,0.9171873313392996
C15,3,159,11,0.8705882352941177,0.8324572791183459
C15,4,148,3,0.8529411764705882,0.8121225071683711
C15,5,145,0,0.8529411764705882,0.8121225071683711
C15,6,145,0,0.8529411764705882,0.8121225071683711
C15,7,145,0,0.8529411764705882,0.8121225071683711
C15,8,145,0,0.8529411764705882,0.8121225071683711
C15,9,145,10,0.7941176470588235,0.7706229725765857
C15,10,135,27,0.6352941176470588,0.6311386140375523
C15,11,108,0,0.6352941176470588,0.6311386140375523
C15,12,108,0,0.6352941176470588,0.6311386140375523
C15,13,108,0,0.6352941176470588,0.6311386140375523
C15,14,108,0,0.6352941176470588,0.6311386140375523
C15,15,108,0,0.6352941176470588,0.6311386140375523
C15,16,108,8,0.5882352941176471,0.5645763429606945
C15,17,100,14,0.5058823529411764,0.4820856388394975
C15,18,86,0,0.5058823529411764,0.4820856388394975
C15,19,86,0,0.5058823529411764,0.4820856388394975
C15,20,0,0,,
C15,21,0,0,,
C15,22,0,0,,
C15,23,0,0,,
C15,24,0,0,,
C15,25,0,0,,
C15,26,0,0,,
C15,27,0,0,,
C15,28,0,0,,
C15,29,0,0,,
C15,30,0,0,,
C15,31,0,0,,
C15,32,0,0,,
C15,33,0,0,,
C15,34,0,0,,
C15,35,0,0,,
C15,36,0,0,,
C15,37,0,0,,
C15,38,0,0,,
C15,39,0,0,,
C15,40,0,0,,
C15,41,0,0,,
C15,42,0,0,,
C15,43,0,0,,
C15,44,0,0,,
C15,45,0,0,,
C15,46,0,0,,
C15,47,0,0,,
C15,48,0,0,,
C15,49,0,0,,
C15,50,0,0,,
C15,51,0,0,,
C15,52,0,0,,
C15,53,0,0,,
C15,54,0,0,,
C15,55,0,0,,
C15,56,0,0,,
C15,57,0,0,,
C15,58,0,0,,
C15,59,0,0,,
C15,60,0,0,,
C15,61,0,0,,
C15,62,0,0,,
C15,63,0,0,,
C15,64,0,0,,
C15,65,0,0,,
C15,66,0,0,,
C15,67,0,0,,
C15,68,0,0,,
C15,69,0,0,,
C15,70,0,0,,
C15,71,0,0,,
C15,72,0,0,,
C15,73,0,0,,
C15,74,0,0,,
C15,75,0,0,,
C15,76,0,0,,
C15,77,0,0,,
C15,78,0,0,,
C15,79,0,0,,
C15,80,0,0,,
C15,81,0,0,,
C15,82,0,0,,
C15,83,0,0,,
C15,84,0,0,,
C15,85,0,0,,
C15,86,0,0,,
C15,87,0,0,,
C15,88,0,0,,
C15,89,0,0,,
C15,90,0,0,,
C15,91,0,0,,
C15,92,0,0,,
C15,93,0,0,,
C15,94,0,0,,
C15,95,0,0,,
C15,96,0,0,,
C15,97,0,0,,
C15,98,0,0,,
C15,99,0,0,,
C15,100,0,0,,
C15,101,0,0,,
C15,102,0,0,,
C15,103,0,0,,
C15,104,0,0,,
C15,105,0,0,,
C15,106,0,0,,
C15,107,0,0,,
C15,108,0,0,,
C15,109,0,0,,
C15,110,0,0,,
C15,111,0,0,,
C15,112,0,0,,
C15,113,0,0,,
C15,114,0,0,,
C15,115,0,0,,
C15,116,0,0,,
C15,117,0,0,,
C15,118,0,0,,
C15,119,0,0,,
C15,120,0,0,,
C13-C15 standalone storage,0,357,0,1.0,1.0
C13-C15 standalone storage,1,357,0,1.0,1.0
C13-C15 standalone storage,2,357,9,0.9747899159663865,0.9680148542123012
C13-C15 standalone storage,3,348,19,0.9215686274509803,0.9252284725449486
C13-C15 standalone storage,4,329,6,0.9047619047619048,0.907092458770594
C13-C15 standalone storage,5,323,8,0.8823529411764707,0.8870685023537855
C13-C15 standalone storage,6,315,0,0.8823529411764707,0.8870685023537855
C13-C15 standalone storage,7,315,0,0.8823529411764707,0.8870685023537855
C13-C15 standalone storage,8,315,0,0.8823529411764707,0.8870685023537855
C13-C15 standalone storage,9,315,5,0.8683473389355744,0.8679220898436898
C13-C15 standalone storage,10,310,18,0.8179271708683474,0.8129149785469767
C13-C15 standalone storage,11,292,8,0.7955182072829132,0.7935441275346793
C13-C15 standalone storage,12,284,5,0.7815126050420169,0.7825881248205689
C13-C15 standalone storage,13,279,3,0.7731092436974791,0.7751422977333094
C13-C15 standalone storage,14,276,0,0.7731092436974791,0.7751422977333094
C13-C15 standalone storage,15,276,0,0.7731092436974791,0.7751422977333094
C13-C15 standalone storage,16,276,7,0.7535014005602242,0.7404870783521194
C13-C15 standalone storage,17,269,11,0.7226890756302522,0.7001945169142068
C13-C15 standalone storage,18,258,0,0.7226890756302522,0.7001945169142068
C13-C15 standalone storage,19,258,24,0.6554621848739497,0.6353467878010548
C13-C15 standalone storage,20,204,31,0.5558576371725161,0.5576031546404318
C13-C15 standalone storage,21,173,18,0.4980227385071676,0.49217409274317625
C13-C15 standalone storage,22,155,0,0.4980227385071676,0.49217409274317625
C13-C15 standalone storage,23,155,0,0.4980227385071676,0.49217409274317625
C13-C15 standalone storage,24,155,0,0.4980227385071676,0.49217409274317625
C13-C15 standalone storage,25,155,0,0.4980227385071676,0.49217409274317625
C13-C15 standalone storage,26,155,0,0.4980227385071676,0.49217409274317625
C13-C15 standalone storage,27,155,0,0.4980227385071676,0.49217409274317625
C13-C15 standalone storage,28,155,0,0.4980227385071676,0.49217409274317625
C13-C15 standalone storage,29,155,0,0.4980227385071676,0.49217409274317625
C13-C15 standalone storage,30,155,0,0.4980227385071676,0.49217409274317625
C13-C15 standalone storage,31,155,0,0.4980227385071676,0.49217409274317625
C13-C15 standalone storage,32,155,0,0.4980227385071676,0.49217409274317625
C13-C15 standalone storage,33,155,0,0.4980227385071676,0.49217409274317625
C13-C15 standalone storage,34,155,0,0.4980227385071676,0.49217409274317625
C13-C15 standalone storage,35,155,2,0.4915966386554622,0.48711677394918546
C13-C15 standalone storage,36,153,1,0.4883835887296095,0.4858524442506878
C13-C15 standalone storage,37,152,3,0.47874443895205143,0.4792779298184998
C13-C15 standalone storage,38,149,1,0.47553138902619874,0.4761171055722556
C13-C15 standalone storage,39,148,8,0.44982698961937717,0.45610896166055975
C13-C15 standalone storage,40,140,1,0.4466139396935245,0.4535803022635644
C13-C15 standalone storage,41,139,0,0.4466139396935245,0.4535803022635644
C13-C15 standalone storage,42,139,0,0.4466139396935245,0.4535803022635644
C13-C15 standalone storage,43,139,2,0.4401878398418191,0.4459943240725782
C13-C15 standalone storage,44,137,4,0.4273356401384083,0.4353006234826848
C13-C15 standalone storage,45,133,1,0.4241225902125556,0.4340223861575036
C13-C15 standalone storage,46,132,1,0.4209095402867029,0.4289650673635128
C13-C15 standalone storage,47,131,1,0.4176964903608502,0.42770073766501515
C13-C15 standalone storage,48,130,2,0.4112703905091448,0.4220113804547454
C13-C15 standalone storage,49,128,0,0.4112703905091448,0.4220113804547454
C13-C15 standalone storage,50,128,1,0.4080573405832921,0.42073187879986573
C13-C15 standalone storage,51,127,1,0.40484429065743943,0.419467549101368
C13-C15 standalone storage,52,126,8,0.37913989125061787,0.38280198784493497
C13-C15 standalone storage,53,118,6,0.3598615916955017,0.3697035321684989
C13-C15 standalone storage,54,112,3,0.3502224419179436,0.3556062560302496
C13-C15 standalone storage,55,109,7,0.32773109243697474,0.33284832145729115
C13-C15 standalone storage,56,102,0,0.32773109243697474,0.33284832145729115
C13-C15 standalone storage,57,102,1,0.32451804251112204,0.3303196620602958
C13-C15 standalone storage,58,101,4,0.31166584280771126,0.32147946880839995
C13-C15 standalone storage,59,97,0,0.31166584280771126,0.32147946880839995
C13-C15 standalone storage,60,97,8,0.2859614434008897,0.29859510126559174
C13-C15 standalone storage,61,89,6,0.2666831438457736,0.2808944854866241
C13-C15 standalone storage,62,83,7,0.24419179436480473,0.2585834914620846
C13-C15 standalone storage,63,76,3,0.23455264458724664,0.25289400781884497
C13-C15 standalone storage,64,73,1,0.23133959466139395,0.24973318357260074
C13-C15 standalone storage,65,72,1,0.22812654473554125,0.24846885387410303
C13-C15 standalone storage,66,13,0,0.22812654473554125,0.24846885387410303
C13-C15 standalone storage,67,13,0,0.22812654473554125,0.24846885387410303
C13-C15 standalone storage,68,13,0,0.22812654473554125,0.24846885387410303
C13-C15 standalone storage,69,13,1,0.21057834898665348,0.21882933187886827
C13-C15 standalone storage,70,12,1,0.19303015323776568,0.20252759478148913
C13-C15 standalone storage,71,11,0,0.19303015323776568,0.20252759478148913
C13-C15 standalone storage,72,11,0,0.19303015323776568,0.20252759478148913
C13-C15 standalone storage,73,11,1,0.17548195748887788,0.19882265453208478
C13-C15 standalone storage,74,10,0,0.17548195748887788,0.19882265453208478
C13-C15 standalone storage,75,10,1,0.1579337617399901,0.18029795328506304
C13-C15 standalone storage,76,9,0,0.1579337617399901,0.18029795328506304
C13-C15 standalone storage,77,9,0,0.1579337617399901,0.18029795328506304
C13-C15 standalone storage,78,0,0,,
C13-C15 standalone storage,79,0,0,,
C13-C15 standalone storage,80,0,0,,
C13-C15 standalone storage,81,0,0,,
C13-C15 standalone storage,82,0,0,,
C13-C15 standalone storage,83,0,0,,
C13-C15 standalone storage,84,0,0,,
C13-C15 standalone storage,85,0,0,,
C13-C15 standalone storage,86,0,0,,
C13-C15 standalone storage,87,0,0,,
C13-C15 standalone storage,88,0,0,,
C13-C15 standalone storage,89,0,0,,
C13-C15 standalone storage,90,0,0,,
C13-C15 standalone storage,91,0,0,,
C13-C15 standalone storage,92,0,0,,
C13-C15 standalone storage,93,0,0,,
C13-C15 standalone storage,94,0,0,,
C13-C15 standalone storage,95,0,0,,
C13-C15 standalone storage,96,0,0,,
C13-C15 standalone storage,97,0,0,,
C13-C15 standalone storage,98,0,0,,
C13-C15 standalone storage,99,0,0,,
C13-C15 standalone storage,100,0,0,,
C13-C15 standalone storage,101,0,0,,
C13-C15 standalone storage,102,0,0,,
C13-C15 standalone storage,103,0,0,,
C13-C15 standalone storage,104,0,0,,
C13-C15 standalone storage,105,0,0,,
C13-C15 standalone storage,106,0,0,,
C13-C15 standalone storage,107,0,0,,
C13-C15 standalone storage,108,0,0,,
C13-C15 standalone storage,109,0,0,,
C13-C15 standalone storage,110,0,0,,
C13-C15 standalone storage,111,0,0,,
C13-C15 standalone storage,112,0,0,,
C13-C15 standalone storage,113,0,0,,
C13-C15 standalone storage,114,0,0,,
C13-C15 standalone storage,115,0,0,,
C13-C15 standalone storage,116,0,0,,
C13-C15 standalone storage,117,0,0,,
C13-C15 standalone storage,118,0,0,,
C13-C15 standalone storage,119,0,0,,
C13-C15 standalone storage,120,0,0,,
C13-C15 solar+storage,0,252,0,1.0,1.0
C13-C15 solar+storage,1,252,0,1.0,1.0
C13-C15 solar+storage,2,252,8,0.9682539682539683,0.9648581282592175
C13-C15 solar+storage,3,244,11,0.9246031746031746,0.9148323312688867
C13-C15 solar+storage,4,233,4,0.9087301587301587,0.8998246309417802
C13-C15 solar+storage,5,229,4,0.8928571428571428,0.8860675367694393
C13-C15 solar+storage,6,225,1,0.8888888888888888,0.8820029407639749
C13-C15 solar+storage,7,224,0,0.8888888888888888,0.8820029407639749
C13-C15 solar+storage,8,224,1,0.8849206349206349,0.8807522958392165
C13-C15 solar+storage,9,223,3,0.8730158730158729,0.8745115776646728
C13-C15 solar+storage,10,220,6,0.8492063492063492,0.8444960994704743
C13-C15 solar+storage,11,214,10,0.8095238095238095,0.8109788154869527
C13-C15 solar+storage,12,204,10,0.7698412698412698,0.7655804047182276
C13-C15 solar+storage,13,194,8,0.738095238095238,0.7213701066280228
C13-C15 solar+storage,14,186,0,0.738095238095238,0.7213701066280228
C13-C15 solar+storage,15,186,0,0.738095238095238,0.7213701066280228
C13-C15 solar+storage,16,186,2,0.7301587301587301,0.7047365291287379
C13-C15 solar+storage,17,184,2,0.7222222222222221,0.6968574661027608
C13-C15 solar+storage,18,182,0,0.7222222222222221,0.6968574661027608
C13-C15 solar+storage,19,182,21,0.6388888888888887,0.6404158706535795
C13-C15 solar+storage,20,125,22,0.5264444444444444,0.5523534216991773
C13-C15 solar+storage,21,103,6,0.4957777777777777,0.5347477690549549
C13-C15 solar+storage,22,97,2,0.48555555555555546,0.5168002590778349
C13-C15 solar+storage,23,95,0,0.48555555555555546,0.5168002590778349
C13-C15 solar+storage,24,95,0,0.48555555555555546,0.5168002590778349
C13-C15 solar+storage,25,95,0,0.48555555555555546,0.5168002590778349
C13-C15 solar+storage,26,95,0,0.48555555555555546,0.5168002590778349
C13-C15 solar+storage,27,95,0,0.48555555555555546,0.5168002590778349
C13-C15 solar+storage,28,95,1,0.48044444444444434,0.5157746870791423
C13-C15 solar+storage,29,94,0,0.48044444444444434,0.5157746870791423
C13-C15 solar+storage,30,94,0,0.48044444444444434,0.5157746870791423
C13-C15 solar+storage,31,94,0,0.48044444444444434,0.5157746870791423
C13-C15 solar+storage,32,94,0,0.48044444444444434,0.5157746870791423
C13-C15 solar+storage,33,94,0,0.48044444444444434,0.5157746870791423
C13-C15 solar+storage,34,94,0,0.48044444444444434,0.5157746870791423
C13-C15 solar+storage,35,94,1,0.4753333333333333,0.5115014704179233
C13-C15 solar+storage,36,93,1,0.47022222222222215,0.5111596130850258
C13-C15 solar+storage,37,92,1,0.46511111111111103,0.5098776480866601
C13-C15 solar+storage,38,91,0,0.46511111111111103,0.5098776480866601
C13-C15 solar+storage,39,91,2,0.4548888888888888,0.5045788594267485
C13-C15 solar+storage,40,89,0,0.4548888888888888,0.5045788594267485
C13-C15 solar+storage,41,89,0,0.4548888888888888,0.5045788594267485
C13-C15 solar+storage,42,89,0,0.4548888888888888,0.5045788594267485
C13-C15 solar+storage,43,89,1,0.44977777777777767,0.5020149294300171
C13-C15 solar+storage,44,88,1,0.44466666666666654,0.4883406361141162
C13-C15 solar+storage,45,87,0,0.44466666666666654,0.4883406361141162
C13-C15 solar+storage,46,87,0,0.44466666666666654,0.4883406361141162
C13-C15 solar+storage,47,87,1,0.4395555555555554,0.4863749564499555
C13-C15 solar+storage,48,86,1,0.4344444444444443,0.4826999901213071
C13-C15 solar+storage,49,85,0,0.4344444444444443,0.4826999901213071
C13-C15 solar+storage,50,85,1,0.42933333333333323,0.4750082001311128
C13-C15 solar+storage,51,84,0,0.42933333333333323,0.4750082001311128
C13-C15 solar+storage,52,84,2,0.419111111111111,0.4688547681389574
C13-C15 solar+storage,53,82,1,0.41399999999999987,0.4661199094757772
C13-C15 solar+storage,54,81,1,0.40888888888888875,0.4592827628178267
C13-C15 solar+storage,55,80,0,0.40888888888888875,0.4592827628178267
C13-C15 solar+storage,56,80,0,0.40888888888888875,0.4592827628178267
C13-C15 solar+storage,57,80,0,0.40888888888888875,0.4592827628178267
C13-C15 solar+storage,58,80,0,0.40888888888888875,0.4592827628178267
C13-C15 solar+storage,59,80,2,0.3986666666666665,0.4543258314908126
C13-C15 solar+storage,60,78,2,0.38844444444444426,0.43766028651205835
C13-C15 solar+storage,61,76,4,0.3679999999999998,0.418516275869797
C13-C15 solar+storage,62,72,0,0.3679999999999998,0.418516275869797
C13-C15 solar+storage,63,72,1,0.36288888888888876,0.3843305425800446
C13-C15 solar+storage,64,71,0,0.36288888888888876,0.3843305425800446
C13-C15 solar+storage,65,71,0,0.36288888888888876,0.3843305425800446
C13-C15 solar+storage,66,27,0,0.36288888888888876,0.3843305425800446
C13-C15 solar+storage,67,27,2,0.3360082304526748,0.35733558801021087
C13-C15 solar+storage,68,25,0,0.3360082304526748,0.35733558801021087
C13-C15 solar+storage,69,25,0,0.3360082304526748,0.35733558801021087
C13-C15 solar+storage,70,25,0,0.3360082304526748,0.35733558801021087
C13-C15 solar+storage,71,25,0,0.3360082304526748,0.35733558801021087
C13-C15 solar+storage,72,25,0,0.3360082304526748,0.35733558801021087
C13-C15 solar+storage,73,25,0,0.3360082304526748,0.35733558801021087
C13-C15 solar+storage,74,24,0,0.3360082304526748,0.35733558801021087
C13-C15 solar+storage,75,24,1,0.3220078875171467,0.3518326674175437
C13-C15 solar+storage,76,23,0,0.3220078875171467,0.3518326674175437
C13-C15 solar+storage,77,23,0,0.3220078875171467,0.3518326674175437
C13-C15 solar+storage,78,1,0,,
C13-C15 solar+storage,79,1,0,,
C13-C15 solar+storage,80,1,0,,
C13-C15 solar+storage,81,1,0,,
C13-C15 solar+storage,82,1,0,,
C13-C15 solar+storage,83,1,0,,
C13-C15 solar+storage,84,1,0,,
C13-C15 solar+storage,85,1,0,,
C13-C15 solar+storage,86,1,0,,
C13-C15 solar+storage,87,1,0,,
C13-C15 solar+storage,88,1,0,,
C13-C15 solar+storage,89,1,0,,
C13-C15 solar+storage,90,1,0,,
C13-C15 solar+storage,91,1,0,,
C13-C15 solar+storage,92,1,0,,
C13-C15 solar+storage,93,1,0,,
C13-C15 solar+storage,94,1,0,,
C13-C15 solar+storage,95,1,0,,
C13-C15 solar+storage,96,1,0,,
C13-C15 solar+storage,97,1,0,,
C13-C15 solar+storage,98,1,0,,
C13-C15 solar+storage,99,1,0,,
C13-C15 solar+storage,100,1,0,,
C13-C15 solar+storage,101,1,0,,
C13-C15 solar+storage,102,1,0,,
C13-C15 solar+storage,103,1,0,,
C13-C15 solar+storage,104,1,0,,
C13-C15 solar+storage,105,1,0,,
C13-C15 solar+storage,106,1,0,,
C13-C15 solar+storage,107,1,0,,
C13-C15 solar+storage,108,1,0,,
C13-C15 solar+storage,109,1,0,,
C13-C15 solar+storage,110,1,0,,
C13-C15 solar+storage,111,1,0,,
C13-C15 solar+storage,112,1,0,,
C13-C15 solar+storage,113,1,0,,
C13-C15 solar+storage,114,1,0,,
C13-C15 solar+storage,115,1,0,,
C13-C15 solar+storage,116,1,0,,
C13-C15 solar+storage,117,1,0,,
C13-C15 solar+storage,118,1,0,,
C13-C15 solar+storage,119,1,0,,
C13-C15 solar+storage,120,1,0,,
C13-C15 other,0,67,0,1.0,1.0
C13-C15 other,1,67,0,1.0,1.0
C13-C15 other,2,67,1,0.9850746268656716,0.9969346976070607
C13-C15 other,3,66,3,0.9402985074626866,0.9720720298979296
C13-C15 other,4,63,1,0.9253731343283583,0.961343471522642
C13-C15 other,5,62,0,0.9253731343283583,0.961343471522642
C13-C15 other,6,62,0,0.9253731343283583,0.961343471522642
C13-C15 other,7,62,0,0.9253731343283583,0.961343471522642
C13-C15 other,8,62,0,0.9253731343283583,0.961343471522642
C13-C15 other,9,62,2,0.8955223880597016,0.9567455179332329
C13-C15 other,10,60,3,0.8507462686567165,0.9365145221398332
C13-C15 other,11,57,5,0.7761194029850746,0.842214478914165
C13-C15 other,12,52,3,0.7313432835820896,0.7456556143551397
C13-C15 other,13,49,0,0.7313432835820896,0.7456556143551397
C13-C15 other,14,49,0,0.7313432835820896,0.7456556143551397
C13-C15 other,15,49,0,0.7313432835820896,0.7456556143551397
C13-C15 other,16,49,0,0.7313432835820896,0.7456556143551397
C13-C15 other,17,49,1,0.7164179104477612,0.7318617535869126
C13-C15 other,18,48,0,0.7164179104477612,0.7318617535869126
C13-C15 other,19,48,1,0.7014925373134328,0.7272637999975036
C13-C15 other,20,27,0,0.7014925373134328,0.7272637999975036
C13-C15 other,21,27,6,0.5456053067993366,0.5512094281844446
C13-C15 other,22,21,1,0.5196241017136539,0.5315486536313592
C13-C15 other,23,20,0,0.5196241017136539,0.5315486536313592
C13-C15 other,24,20,0,0.5196241017136539,0.5315486536313592
C13-C15 other,25,20,0,0.5196241017136539,0.5315486536313592
C13-C15 other,26,20,0,0.5196241017136539,0.5315486536313592
C13-C15 other,27,20,0,0.5196241017136539,0.5315486536313592
C13-C15 other,28,20,0,0.5196241017136539,0.5315486536313592
C13-C15 other,29,20,0,0.5196241017136539,0.5315486536313592
C13-C15 other,30,20,0,0.5196241017136539,0.5315486536313592
C13-C15 other,31,20,0,0.5196241017136539,0.5315486536313592
C13-C15 other,32,20,0,0.5196241017136539,0.5315486536313592
C13-C15 other,33,20,0,0.5196241017136539,0.5315486536313592
C13-C15 other,34,20,0,0.5196241017136539,0.5315486536313592
C13-C15 other,35,20,0,0.5196241017136539,0.5315486536313592
C13-C15 other,36,20,1,0.4936428966279712,0.5302077888068387
C13-C15 other,37,19,0,0.4936428966279712,0.5302077888068387
C13-C15 other,38,19,2,0.4416804864566058,0.4397682258626457
C13-C15 other,39,17,0,0.4416804864566058,0.4397682258626457
C13-C15 other,40,17,0,0.4416804864566058,0.4397682258626457
C13-C15 other,41,17,0,0.4416804864566058,0.4397682258626457
C13-C15 other,42,17,0,0.4416804864566058,0.4397682258626457
C13-C15 other,43,17,1,0.4156992813709231,0.41593705499721867
C13-C15 other,44,16,2,0.3637368711995577,0.35498865388265377
C13-C15 other,45,14,0,0.3637368711995577,0.35498865388265377
C13-C15 other,46,14,0,0.3637368711995577,0.35498865388265377
C13-C15 other,47,14,0,0.3637368711995577,0.35498865388265377
C13-C15 other,48,14,0,0.3637368711995577,0.35498865388265377
C13-C15 other,49,14,1,0.33775566611387503,0.3098329665356003
C13-C15 other,50,13,0,0.33775566611387503,0.3098329665356003
C13-C15 other,51,13,0,0.33775566611387503,0.3098329665356003
C13-C15 other,52,13,3,0.2598120508568269,0.1902954572528408
C13-C15 other,53,10,0,0.2598120508568269,0.1902954572528408
C13-C15 other,54,10,0,0.2598120508568269,0.1902954572528408
C13-C15 other,55,10,0,0.2598120508568269,0.1902954572528408
C13-C15 other,56,10,0,0.2598120508568269,0.1902954572528408
C13-C15 other,57,10,0,0.2598120508568269,0.1902954572528408
C13-C15 other,58,10,0,0.2598120508568269,0.1902954572528408
C13-C15 other,59,10,0,0.2598120508568269,0.1902954572528408
C13-C15 other,60,10,0,0.2598120508568269,0.1902954572528408
C13-C15 other,61,10,0,0.2598120508568269,0.1902954572528408
C13-C15 other,62,10,0,0.2598120508568269,0.1902954572528408
C13-C15 other,63,10,0,0.2598120508568269,0.1902954572528408
C13-C15 other,64,10,0,0.2598120508568269,0.1902954572528408
C13-C15 other,65,10,0,0.2598120508568269,0.1902954572528408
C13-C15 other,66,7,0,0.2598120508568269,0.1902954572528408
C13-C15 other,67,7,0,0.2598120508568269,0.1902954572528408
C13-C15 other,68,7,0,0.2598120508568269,0.1902954572528408
C13-C15 other,69,7,0,0.2598120508568269,0.1902954572528408
C13-C15 other,70,7,0,0.2598120508568269,0.1902954572528408
C13-C15 other,71,7,0,0.2598120508568269,0.1902954572528408
C13-C15 other,72,7,0,0.2598120508568269,0.1902954572528408
C13-C15 other,73,6,0,0.2598120508568269,0.1902954572528408
C13-C15 other,74,6,0,0.2598120508568269,0.1902954572528408
C13-C15 other,75,6,0,0.2598120508568269,0.1902954572528408
C13-C15 other,76,6,0,0.2598120508568269,0.1902954572528408
C13-C15 other,77,6,0,0.2598120508568269,0.1902954572528408
C13-C15 other,78,0,0,,
C13-C15 other,79,0,0,,
C13-C15 other,80,0,0,,
C13-C15 other,81,0,0,,
C13-C15 other,82,0,0,,
C13-C15 other,83,0,0,,
C13-C15 other,84,0,0,,
C13-C15 other,85,0,0,,
C13-C15 other,86,0,0,,
C13-C15 other,87,0,0,,
C13-C15 other,88,0,0,,
C13-C15 other,89,0,0,,
C13-C15 other,90,0,0,,
C13-C15 other,91,0,0,,
C13-C15 other,92,0,0,,
C13-C15 other,93,0,0,,
C13-C15 other,94,0,0,,
C13-C15 other,95,0,0,,
C13-C15 other,96,0,0,,
C13-C15 other,97,0,0,,
C13-C15 other,98,0,0,,
C13-C15 other,99,0,0,,
C13-C15 other,100,0,0,,
C13-C15 other,101,0,0,,
C13-C15 other,102,0,0,,
C13-C15 other,103,0,0,,
C13-C15 other,104,0,0,,
C13-C15 other,105,0,0,,
C13-C15 other,106,0,0,,
C13-C15 other,107,0,0,,
C13-C15 other,108,0,0,,
C13-C15 other,109,0,0,,
C13-C15 other,110,0,0,,
C13-C15 other,111,0,0,,
C13-C15 other,112,0,0,,
C13-C15 other,113,0,0,,
C13-C15 other,114,0,0,,
C13-C15 other,115,0,0,,
C13-C15 other,116,0,0,,
C13-C15 other,117,0,0,,
C13-C15 other,118,0,0,,
C13-C15 other,119,0,0,,
C13-C15 other,120,0,0,,
