node_key,tpd_year,queue_id,project_name,allocation_group,status,mw_requested,allocation_pct,mw_allocated
ALAMITOS,2024,2127,OTROS ALAMITOS ENERGY STORAGE,D,FCDSA,,1.0,
ANTELOPE,2024,2059,J90 ENERGY STORAGE,B,FCDSA,,1.0,
ANTELOPE,2024,2062,DORIAN STORAGE,D,FCDSA,,1.0,
ANTELOPE,2025,768,BIG SKY SOLAR,A,FCDSA,120.0,1.0,120.0
ANTELOPE VALLEYSUBSTATION,2024,2064,ELION ENERGY STORAGE,D,FCDSA,,1.0,
ARCO,2024,1980,ARTEMIS,B,PCDSA,,0.24,
ARCO,2025,1587,KINGSROAD HYBRID SOLAR,A,NONE,100.0,0.0,0.0
ARCO CARNERAS,2025,2018,HIDDEN KNOLLS BESS,D,NONE,30.0,0.0,0.0
BEATTY,2025,2144,ROCK VALLEY ENERGY CENTER,B,NONE,500.0,0.0,0.0
BELLOTA,2025,1904,NORTHEAST CENTRAL VALLEY,D,NONE,300.0,0.0,0.0
BIRDS LANDING,2025,1850,HIGH WINDS STORAGE,D,NONE,100.0,0.0,0.0
BORDEN,2025,1934,LOTUS SOLAR 2,B,NONE,200.0,0.0,0.0
BOULEVARD EAST,2024,2173,DESERT JEWEL STORAGE,A,FCDSA,,1.0,
BOULEVARD EAST,2025,32,TULE WIND,B,NONE,131.6,0.0,0.0
CALCITE,2024,2097,SIENNA SOLAR 2,D,FCDSA,,1.0,
CHINO,2024,2114,DIRAC,D,FCDSA,,1.0,
CHOWCHILLA,2024,1977,VALETUDO ENERGY STORAGE,B,FCDSA,,1.0,
CIELO AZUL,2025,2022,SOCORRO PEAK SOLAR,A,NONE,350.0,0.0,0.0
COLORADO RIVER,2024,1761,GRACE ENERGY CENTER,A,PCDSA,,0.1045,
COLORADO RIVER,2024,1761,GRACE ENERGY CENTER,A,PCDSA,,0.1045,
COLORADO RIVER,2024,2048,TWIN PALMS SOLAR,A,FCDSA,,1.0,
COLORADO RIVER,2025,1761,GRACE ENERGY CENTER,A,NONE,170.0,0.0,0.0
COLORADO RIVER,2025,1761,GRACE ENERGY CENTER,A,NONE,70.0,0.0,0.0
COLORADO RIVER,2025,1761,GRACE ENERGY CENTER,A,NONE,50.0,0.0,0.0
COLORADO RIVER,2025,2033,CARMINE,A,NONE,285.0,0.0,0.0
COLORADO RIVER,2025,2045,INVICTUS,D,NONE,300.0,0.0,0.0
COLORADO RIVER PALO VERDE,2025,2052,BOUSE SOLAR AND STORAGE PLANT,A,NONE,1000.0,0.0,0.0
CONTRA COSTA,2025,1892,HARMONY STORAGE 2,A,FCDSA,300.0,1.0,300.0
CONTRA COSTA,2025,1915,SHERMAN ENERGY STORAGE,B,PCDSA,250.0,0.596,149.0
COOLEY LANDING,2024,1919,SUNBEAM STORAGE,D,FCDSA,,1.0,
COTTLE,2024,1895,OAKDALE STORAGE,A,PCDSA,,0.54,
COTTLE,2025,1895,OAKDALE STORAGE,A,PCDSA,100.0,0.494,49.4
CRAZY HORSE CANYON HOLLISTER,2024,1921,ALLIUM HYBRID,B,FCDSA,,1.0,
CREELMAN,2025,1820,SCAFELL STORAGE,B,NONE,50.0,0.0,0.0
CRESCENT,2024,1975,TARRAGON HYBRID,B,FCDSA,,1.0,
DELANEY,2024,1678,HARQUAHALA SUNRISE,A,FCDSA,,1.0,
DELANEY,2024,2029,HARQUAHALA SUNRISE 2,A,FCDSA,,1.0,
DELANEY,2025,2027,HARQUAHALA FLATS 2,D,NONE,400.0,0.0,0.0
DELANEY COLORADO RIVER,2024,1402,ATLAS COMPLEX,A,PCDSA,,0.6575,
DELANEY COLORADO RIVER,2024,1402,ATLAS COMPLEX,A,PCDSA,,0.6575,
DELANEY COLORADO RIVER,2024,1402,ATLAS COMPLEX,A,PCDSA,,0.6575,
DELANEY COLORADO RIVER,2025,1402,ATLAS COMPLEX,A,NONE,150.0,0.0,0.0
DELANEY COLORADO RIVER,2025,1402,ATLAS COMPLEX,A,NONE,180.0,0.0,0.0
DELANEY COLORADO RIVER,2025,1402,ATLAS COMPLEX,A,NONE,120.0,0.0,0.0
DEVERS,2024,1758,DESERT SANDS,A,FCDSA,,1.0,
DEVERS,2024,1758,DESERT SANDS,B,FCDSA,,1.0,
DEVERS,2024,2034,HUB CITY ENERGY STORAGE,B,PCDSA,,0.4,
DIABLO CANYON,2024,1998,ISLAY,D,FCDSA,,1.0,
EAST COUNTY,2024,1660,CIMARRON WIND,A,FCDSA,,1.0,
EAST COUNTY,2025,1824,VIENTO FRONTERIZO,B,NONE,972.82,0.0,0.0
EL CAJON,2024,1047,NORTH JOHNSON ENERGY CENTER,A,FCDSA,,1.0,
EL NIDO,2025,2117,CORAL REEF,D,FCDSA,400.0,1.0,400.0
ENCINA,2025,2157,GNARLY OSAGE,D,NONE,300.0,0.0,0.0
ESCONDIDO,2024,1048,ESCONDIDO ENERGY CENTER 2,A,PCDSA,,0.663983903420523,
ESCONDIDO,2024,1821,SEGURO STORAGE,A,PCDSA,,0.8,
ETIWANDA,2024,2032,TROLLEY,D,FCDSA,,1.0,
EXCELSIOR,2024,1955,CIERVO MOUNTAIN HYBRID,B,PCDSA,,0.78,
FULTON,2025,1846,WILDHORSE ENERGY CENTER,D,FCDSA,120.0,1.0,120.0
GATES,2024,1954,HUASO HYBRID,B,FCDSA,,1.0,
GATES,2024,1962,LOCK STORAGE,B,FCDSA,,1.0,
GATES,2024,1962,LOCK STORAGE,D,FCDSA,,1.0,
GATES,2025,1242,PLUOT,A,FCDSA,150.0,1.0,150.0
GATES,2025,1242,PLUOT,A,FCDSA,246.4,1.0,246.4
GATES,2025,1968,PLUM,D,NONE,750.0,0.0,0.0
GATES,2025,1968,PLUM,D,NONE,250.0,0.0,0.0
GATES MIDWAY,2025,2004,VALLEY SUNLIGHT REFINERY,D,NONE,400.0,0.0,0.0
GATES TEMPLETON,2024,1959,CORNUCOPIA HYBRID,B,PCDSA,,0.95,
GATES TEMPLETON,2025,1959,CORNUCOPIA HYBRID,A,NONE,15.0,0.0,0.0
GEYSERS CLOVERDALE,2024,1859,MAYACAMAS GEOTHERMAL,A,FCDSA,,1.0,
GIFFEN,2024,1966,ORLEANS,D,FCDSA,,1.0,
GREEN VALLEY,2024,1865,SEAHAWK STORAGE,B,FCDSA,,1.0,
HASSAYAMPA COMMON,2025,1818,SADDLE MOUNTAIN SOLAR,A,NONE,50.0,0.0,0.0
HASSAYAMPA COMMON,2025,1818,SADDLE MOUNTAIN SOLAR,A,NONE,75.0,0.0,0.0
HASSAYAMPA COMMON,2025,1534,VULCAN,B,NONE,250.0,0.0,0.0
HINSON,2025,2131,MERLIN STORAGE,D,FCDSA,200.0,1.0,200.0
HOODOO WASH,2025,1062,WHITE WING RANCH SOLAR,C,NONE,200.0,0.0,0.0
HOODOO WASH,2025,2154,REMY,D,NONE,300.0,0.0,0.0
IMPERIAL VALLEY,2024,1531,BATERIA DEL SUR,A,FCDSA,,1.0,
IMPERIAL VALLEY,2024,1531,BATERIA DEL SUR,A,FCDSA,,1.0,
IMPERIAL VALLEY,2025,1175,LECONTE ENERGY STORAGE,B,NONE,84.6,0.0,0.0
IMPERIAL VALLEY,2025,124,SILVER RIDGE MOUNT SIGNAL,B,NONE,92.0,0.0,0.0
IMPERIAL VALLEY,2025,2176,YUHA DESERT BATTERY STORAGE,D,NONE,600.0,0.0,0.0
INNOVATION,2025,1649,BONANZA SOLAR,B,NONE,45.0,0.0,0.0
INNOVATION DESERT VIEW,2024,2147,KAWICH,A,FCDSA,,1.0,
JOHANNA,2024,2129,LOS NIETOS,D,FCDSA,,1.0,
KELSO TESLA,2024,1461,RECLAIMED WIND,A,FCDSA,,1.0,
KEN OKJ,2024,1918,KIFER BESS 1,A,FCDSA,,1.0,
KENT,2025,1136,WESTLANDS ALMOND,B,FCDSA,19.88,1.0,19.9
KERN,2024,2001,SERENA STORAGE,A,FCDSA,,1.0,
KRAMER,2024,1774,OVERNIGHT SOLAR,A,FCDSA,,1.0,
KRAMER,2025,2101,WESTON STORAGE,D,NONE,200.0,0.0,0.0
KRAMER LUGO,2024,2096,HIDALGO ENERGY STORAGE,B,PCDSA,,0.7,
KRAMER LUGO,2025,2096,HIDALGO ENERGY STORAGE,D,NONE,400.0,0.0,0.0
LA CIENEGA,2025,2115,SIMON,D,FCDSA,400.0,1.0,400.0
LAGUNA BELL,2024,2139,COMMERCE ENERGY STORAGE 3,D,FCDSA,,1.0,
LAMBIE,2025,1842,TOLENAS,A,FCDSA,400.0,1.0,400.0
LAMBIE,2025,1843,BRUSHY,D,NONE,400.0,0.0,0.0
LAMONT,2025,1744,CRYSTAL FLATS ,A,NONE,50.0,0.0,0.0
LAMONT,2025,1744,CRYSTAL FLATS ,A,NONE,100.0,0.0,0.0
LITEHIPE,2025,2111,FLEETWOOD,D,FCDSA,400.0,1.0,400.0
LOS BANOS,2024,1952,AUSTRALIS,A,FCDSA,,1.0,
LOS BANOS,2024,1943,WINGTIP SOLAR 1,D,FCDSA,,1.0,
LOS BANOS,2024,1960,LAS CAMAS 4,D,FCDSA,,1.0,
LOS BANOS,2025,1382,LAS CAMAS 1,A,FCDSA,50.0,1.0,50.0
LOS BANOS,2025,1456,LAS CAMAS 3,A,FCDSA,50.0,1.0,50.0
LUGO,2024,2105,CONDUIT ENERGY STORAGE,D,FCDSA,,1.0,
MANNING MIDWAY,2024,1949,DARDEN,A,FCDSA,,1.0,
MANNING MIDWAY,2024,1949,DARDEN,D,FCDSA,,1.0,
MARTIN,2024,1900,BAYLANDS BATTERY,D,FCDSA,,1.0,
MENDOTA,2025,1028,LITTLE BEAR SOLAR 1,A,FCDSA,20.0,1.0,20.0
MENDOTA,2025,1029,LITTLE BEAR SOLAR 2,A,FCDSA,20.0,1.0,20.0
MENDOTA,2025,1127,LITTLE BEAR 3,A,FCDSA,20.0,1.0,20.0
MENDOTA,2025,1128,LITTLE BEAR 4,A,FCDSA,100.0,1.0,100.0
MESA,2024,2121,GREENWOOD ENERGY STORAGE,D,FCDSA,,1.0,
MESA,2025,2121,GREENWOOD ENERGY STORAGE,D,FCDSA,250.0,1.0,250.0
MIDWAY,2024,1987,BUTTONBUSH SOLAR 2,D,FCDSA,,1.0,
MIDWAY,2025,1394,DRIFTWOOD STELLA,A,NONE,200.0,0.0,0.0
MIDWAY WHEELER RIDGE,2025,946,NORTHERN ORCHARD SOLAR,A,NONE,58.0,0.0,0.0
MIDWAY WHEELER RIDGE,2025,1260,KYAN SOLAR,B,NONE,100.0,0.0,0.0
MIRA LOMA,2024,2137,MT BALDY ENERGY STORAGE,D,FCDSA,,1.0,
MOHAVE,2024,2140,STERLING,A,FCDSA,,1.0,
MOORPARK,2024,2066,DRIFTER ENERGY STORAGE,A,FCDSA,,1.0,
MOORPARK,2025,2092,ROSA STORAGE,D,PCDSA,500.0,0.9238,461.9
MOSS LANDING,2024,1889,HOLMAN,B,PCDSA,,0.5,
MOSS LANDING,2025,1889,HOLMAN,B,FCDSA,1500.0,1.0,1500.0
MUSTANG,2024,1223,DAYLIGHT,B,PCDSA,,0.6,
NEENACH BAILEY,2024,297,ALTA VISTA SUNTOWER GENERATING STATION,A,FCDSA,,1.0,
NEWARK,2024,1911,ZORIN STORAGE,D,FCDSA,,1.0,
NORTH GILA IMPERIAL VALLEY,2024,2166,UMBRIEL,A,FCDSA,,1.0,
OAKLAND C,2025,1880,PALMETTO ENERGY STORAGE,D,NONE,75.0,0.0,0.0
OTAY,2024,1045,CHULA VISTA ENERGY CENTER 2,A,FCDSA,,1.0,
OTAY MESA,2025,2185,GATEWAY ENERGY STORAGE 2,B,NONE,250.0,0.0,0.0
OTAY MESA,2025,2180,CARGO STORAGE,D,NONE,300.0,0.0,0.0
PISGAH,2024,2103,CADY SOLAR,D,PCDSA,,0.8,
PISGAH,2025,2103,CADY SOLAR,B,NONE,60.0,0.0,0.0
PITTSBURG,2024,1914,BLACK DIAMOND ES2,B,FCDSA,,1.0,
PITTSBURG,2024,1872,ALLEGHENY ENERGY STORAGE,D,FCDSA,,1.0,
PITTSBURG TESLA,2024,1875,DELILAH ENERGY STORAGE,D,FCDSA,,1.0,
QUINTO,2024,1958,SPIKES PEAK SOLAR,B,FCDSA,,1.0,
RANCHO SECO BELLOTA,2024,1887,PRESIDIO,A,FCDSA,,1.0,
RECTOR,2025,2068,BOBOR STORAGE,D,FCDSA,150.0,1.0,150.0
RECTOR,2025,2081,MINERAL KING SOLAR,D,NONE,200.0,0.0,0.0
RECTOR,2025,2081,MINERAL KING SOLAR,D,FCDSA,200.0,1.0,200.0
RED BLUFF,2024,1405,ATHOS POWER PLANT,A,FCDSA,,1.0,
RED BLUFF,2024,1764,SAPPHIRE SOLAR,A,FCDSA,,1.0,
RED BLUFF,2024,2036,REDONDA,A,FCDSA,,1.0,
RED BLUFF,2024,2039,SANDRIFT STORAGE 1,A,PCDSA,,0.8843,
RED BLUFF,2024,2041,SANDRIFT STORAGE 2,A,PCDSA,,0.8843,
RED BLUFF,2024,2042,EASLEY,A,PCDSA,,0.69,
RED BLUFF,2024,1643,LYCAN SOLAR,B,FCDSA,,1.0,
RED BLUFF,2025,1642,OBERON,A,PCDSA,200.0,0.365,73.0
RED BLUFF,2025,1200,VICTORY PASS SOLAR,C,NONE,200.0,0.0,0.0
RED BLUFF,2025,1302,SOL CATCHER BESS,C,NONE,20.0,0.0,0.0
RED BLUFF,2025,421,SLOTH,C,NONE,49.5,0.0,0.0
RIO HONDO,2024,2113,GABRIEL STORAGE,B,FCDSA,,1.0,
RIO HONDO,2024,2113,GABRIEL STORAGE,B,FCDSA,,1.0,
RIO HONDO,2024,2113,GABRIEL STORAGE,B,FCDSA,,1.0,
RIO HONDO,2024,2113,GABRIEL STORAGE,B,FCDSA,,1.0,
RIO HONDO,2024,2124,TABLA ENERGY STORAGE,D,FCDSA,,1.0,
RIO HONDO,2024,2136,HAVEN STORAGE,D,FCDSA,,1.0,
RIO HONDO,2025,2124,TABLA ENERGY STORAGE,D,FCDSA,300.0,1.0,300.0
RIO HONDO,2025,2136,HAVEN STORAGE,D,FCDSA,300.0,1.0,300.0
SAN LUIS REY,2025,2186,SANDBAR ENERGY STORAGE,B,NONE,250.0,0.0,0.0
SANGER,2024,1930,APACHE STORAGE,D,FCDSA,,1.0,
SANTA TERESA,2024,1866,TOKAY STORAGE,D,FCDSA,,1.0,
SCE PORTION OF ELDORADO,2025,2141,DELAMAR ENERGY STORAGE 2,A,NONE,250.0,0.0,0.0
SCHULTE,2024,1920,ZEUS BESS,B,PCDSA,,0.45,
SCHULTE,2025,1920,ZEUS BESS,B,PCDSA,186.7,0.0316,5.9
SCRIPPS,2025,2167,HAMMERHEAD STORAGE,D,NONE,70.0,0.0,0.0
SHAFTER,2025,1983,PHAENON,D,NONE,100.0,0.0,0.0
SUNCREST,2025,2178,BELL BLUFF STORAGE,D,NONE,300.0,0.0,0.0
TEHACHAPI CONCEPTUAL,2025,96,CPC WEST,A,NONE,148.21,0.0,0.0
TESLA,2024,1922,ALTA CASA STORAGE,B,FCDSA,,1.0,
TESLA,2024,1912,ESPRESSO,D,FCDSA,,1.0,
TESLA,2025,1912,ESPRESSO,D,FCDSA,150.0,1.0,150.0
TESLA NEWARK,2024,1881,SPECTRUM ENERGY STORAGE,D,FCDSA,,1.0,
TRANQUILITY,2024,1956,CLARKSON,A,FCDSA,,1.0,
TRANQUILITY,2024,1973,PEACEFUL HOLLOW BESS,D,FCDSA,,1.0,
TRANQUILITY,2025,1379,HEARTLAND 1,B,FCDSA,150.0,1.0,150.0
TRANQUILITY,2025,1973,PEACEFUL HOLLOW BESS,D,FCDSA,75.0,1.0,75.0
TROUT CANYON,2024,2148,MOSEY,A,FCDSA,,1.0,
TROUT CANYON,2025,2150,LARREA SOLAR,A,NONE,125.0,0.0,0.0
TROUT CANYON,2025,2149,SUNBAKED SOLAR,B,NONE,100.0,0.0,0.0
TROUT CANYON,2025,2149,SUNBAKED SOLAR,B,NONE,400.0,0.0,0.0
VACA DIXON,2025,1856,ARGES BESS,B,FCDSA,100.0,1.0,100.0
VACA DIXON,2025,1854,CORBY 2,D,FCDSA,400.0,1.0,400.0
VALLEY,2024,1646,DOUBLE BUTTE STORAGE,A,FCDSA,,1.0,
VALLEY SPRINGS,2024,1876,DOUBLE SPRINGS ENERGY STORAGE,D,FCDSA,,1.0,
VESTAL,2025,1792,SEQUOIA,A,PCDSA,100.0,0.74,74.0
VICTOR,2024,2104,DOS PALMAS,D,FCDSA,,1.0,
VICTOR,2025,2104,DOS PALMAS,D,NONE,400.0,0.0,0.0
VIEJO,2024,2125,TYRELL ENERGY STORAGE,D,FCDSA,,1.0,
VIEJO,2025,2125,TYRELL ENERGY STORAGE,D,FCDSA,300.0,1.0,300.0
VIERRA,2025,1690,DENALI ENERGY STORAGE,A,FCDSA,8.1,1.0,8.1
VINCENT,2024,2060,SAGEBRUSH ENERGY STORAGE,D,FCDSA,,1.0,
VINCENT,2024,2091,MAATHAI,D,FCDSA,,1.0,
VINCENT,2024,2110,FLEA FLICKER ENERGY STORAGE,D,FCDSA,,1.0,
VINCENT,2025,2060,SAGEBRUSH ENERGY STORAGE,B,FCDSA,250.0,1.0,250.0
VINCENT PEARBLOSSOM,2025,2061,JUNIPER STORAGE,D,FCDSA,150.0,1.0,150.0
VISTA,2025,2145,DANDELION HYBRID SOLAR,A,NONE,110.0,0.0,0.0
VISTA,2025,2145,DANDELION HYBRID SOLAR,D,NONE,220.0,0.0,0.0
WALNUT,2024,2116,MARICI,D,FCDSA,,1.0,
WEBER,2024,1896,PATHFINDER STORAGE,A,FCDSA,,1.0,
WESTLY QUINTO,2024,1903,GOLDEN FLATS,D,FCDSA,,1.0,
WESTLY QUINTO,2025,1903,GOLDEN FLATS,D,PCDSA,300.0,0.7,210.0
WHEELER RIDGE,2025,2015,CHERRY LANE HYBRID,B,NONE,300.0,0.0,0.0
WHEELER RIDGE,2025,2015,CHERRY LANE HYBRID,B,NONE,255.0,0.0,0.0
WHEELER RIDGE,2025,2015,CHERRY LANE HYBRID,D,NONE,45.0,0.0,0.0
WHIRLWIND,2024,1784,KEYHOLE WIND,A,FCDSA,,1.0,
WHIRLWIND,2024,2055,EUISMOD,B,FCDSA,,1.0,
WHIRLWIND,2024,2055,EUISMOD,B,FCDSA,,1.0,
WHIRLWIND,2024,2089,GREASEWOOD ENERGY STORAGE,D,FCDSA,,1.0,
WHIRLWIND,2025,506,ROSAMOND WEST SOLAR,A,FCDSA,33.0,1.0,33.0
WHIRLWIND,2025,506,ROSAMOND WEST SOLAR,B,FCDSA,33.0,1.0,33.0
WHIRLWIND,2025,1211,ROSAMOND SOUTH EAST,C,PCDSA,100.0,0.6154,61.5
WILSON,2024,1932,COUGAR STORAGE,D,FCDSA,,1.0,
WILSON,2025,1963,ALMANDE ENERGY STORAGE,B,NONE,250.0,0.0,0.0
WINDHUB,2025,1779,BELLEFIELD 3 SOLAR FARM,B,NONE,150.0,0.0,0.0
